usr,sys,idl,wai,hiq,siq,used,buff,cach,free,files,inodes,read,writ,reads,writs,recv,send,lis,act,syn,tim,clo,tot,tcp,udp,raw,frg,int,csw,run,blk,new
2.128,16.413,81.459,0.0,0.0,0.0,134111232.0,22032384.0,263094272.0,3595026432.0,2144.0,15326.0,0.0,0.0,0.0,0.0,1248.0,19826.0,9.0,11.0,0.0,2.0,0.0,180.0,17.0,12.0,0.0,0.0,43249.0,127136.0,3.0,0.0,5.0
1.205,19.578,79.217,0.0,0.0,0.0,134410240.0,22032384.0,263094272.0,3594727424.0,2176.0,15344.0,0.0,0.0,0.0,0.0,1254.0,20857.0,9.0,11.0,0.0,2.0,0.0,180.0,17.0,12.0,0.0,0.0,43697.0,127349.0,4.0,0.0,10.0
2.041,22.449,75.219,0.0,0.0,0.292,134385664.0,22032384.0,263094272.0,3594752000.0,2176.0,15344.0,0.0,0.0,0.0,0.0,1182.0,18795.0,9.0,11.0,0.0,2.0,0.0,180.0,17.0,12.0,0.0,0.0,50805.0,135293.0,1.0,0.0,5.0
0.608,22.796,76.596,0.0,0.0,0.0,134074368.0,22032384.0,263098368.0,3595059200.0,2176.0,15345.0,0.0,0.0,0.0,0.0,1188.0,20857.0,9.0,11.0,0.0,2.0,0.0,180.0,17.0,12.0,0.0,0.0,58814.0,143620.0,8.0,0.0,3.0
15.644,18.712,65.644,0.0,0.0,0.0,134348800.0,22040576.0,263106560.0,3594768384.0,2144.0,15337.0,0.0,196608.0,0.0,22.0,1236.0,17698.0,9.0,11.0,0.0,2.0,0.0,180.0,17.0,12.0,0.0,0.0,42550.0,120643.0,4.0,0.0,12.0
2.228,23.398,74.373,0.0,0.0,0.0,134348800.0,22040576.0,263106560.0,3594768384.0,2144.0,15337.0,0.0,0.0,0.0,0.0,1188.0,19826.0,9.0,11.0,0.0,2.0,0.0,180.0,17.0,12.0,0.0,0.0,43578.0,127331.0,4.0,0.0,5.0
1.458,20.7,77.843,0.0,0.0,0.0,134344704.0,22040576.0,263110656.0,3594768384.0,2144.0,15337.0,0.0,0.0,0.0,0.0,1182.0,20249.0,9.0,11.0,0.0,2.0,0.0,180.0,17.0,12.0,0.0,0.0,43605.0,127456.0,3.0,0.0,5.0
2.319,15.942,81.739,0.0,0.0,0.0,134344704.0,22040576.0,263110656.0,3594768384.0,2144.0,15337.0,0.0,0.0,0.0,0.0,1254.0,19403.0,9.0,11.0,0.0,2.0,0.0,180.0,17.0,12.0,0.0,0.0,30104.0,113370.0,5.0,0.0,5.0
1.238,15.17,83.282,0.0,0.0,0.31,134311936.0,22040576.0,263110656.0,3594801152.0,2144.0,15337.0,0.0,0.0,0.0,0.0,1182.0,18795.0,9.0,11.0,0.0,2.0,0.0,180.0,17.0,12.0,0.0,0.0,42329.0,125932.0,4.0,0.0,5.0
2.071,18.639,78.994,0.296,0.0,0.0,134332416.0,22048768.0,263114752.0,3594768384.0,2144.0,15337.0,0.0,49152.0,0.0,4.0,1291.0,19892.0,9.0,11.0,0.0,2.0,0.0,180.0,17.0,12.0,0.0,0.0,43542.0,126860.0,4.0,0.0,5.0
1.149,21.839,77.011,0.0,0.0,0.0,134557696.0,22048768.0,263114752.0,3594543104.0,2144.0,15337.0,0.0,49152.0,0.0,8.0,1382.0,19892.0,9.0,11.0,0.0,2.0,0.0,180.0,17.0,12.0,0.0,0.0,43685.0,127298.0,8.0,0.0,5.0
0.578,19.075,80.347,0.0,0.0,0.0,134590464.0,22048768.0,263114752.0,3594510336.0,2144.0,15345.0,0.0,0.0,0.0,0.0,1254.0,18861.0,9.0,11.0,0.0,2.0,0.0,180.0,17.0,12.0,0.0,0.0,32056.0,113514.0,4.0,0.0,10.0
1.877,21.448,76.676,0.0,0.0,0.0,134328320.0,22048768.0,263118848.0,3594768384.0,2144.0,15342.0,0.0,0.0,0.0,0.0,1182.0,19826.0,9.0,11.0,0.0,2.0,0.0,180.0,17.0,12.0,0.0,0.0,28534.0,109554.0,7.0,0.0,5.0
1.385,19.391,79.224,0.0,0.0,0.0,134328320.0,22048768.0,263118848.0,3594768384.0,2144.0,15342.0,0.0,0.0,0.0,0.0,1687.0,20259.0,9.0,11.0,0.0,2.0,0.0,180.0,17.0,12.0,0.0,0.0,28628.0,109871.0,4.0,0.0,5.0
8.192,23.164,68.644,0.0,0.0,0.0,134287360.0,22056960.0,263118848.0,3594801152.0,2144.0,15339.0,0.0,40960.0,0.0,4.0,1182.0,18861.0,9.0,11.0,0.0,2.0,0.0,180.0,17.0,12.0,0.0,0.0,43270.0,123550.0,4.0,0.0,13.0
4.167,21.131,74.702,0.0,0.0,0.0,133406720.0,22056960.0,263127040.0,3595673600.0,2144.0,15332.0,0.0,40960.0,0.0,8.0,1314.0,20899.0,9.0,11.0,0.0,2.0,0.0,181.0,17.0,12.0,0.0,0.0,43542.0,126908.0,4.0,0.0,7.0
2.809,21.067,76.124,0.0,0.0,0.0,134656000.0,22056960.0,263127040.0,3594424320.0,2144.0,15333.0,0.0,0.0,0.0,0.0,1182.0,18795.0,9.0,11.0,0.0,2.0,0.0,180.0,17.0,12.0,0.0,0.0,36462.0,119556.0,3.0,0.0,5.0
1.824,14.894,83.283,0.0,0.0,0.0,134688768.0,22056960.0,263127040.0,3594391552.0,2112.0,15333.0,0.0,0.0,0.0,0.0,1188.0,20857.0,9.0,11.0,0.0,2.0,0.0,180.0,17.0,12.0,0.0,0.0,43238.0,128725.0,6.0,0.0,5.0
3.374,19.018,77.607,0.0,0.0,0.0,134909952.0,22056960.0,263131136.0,3594166272.0,2048.0,15340.0,0.0,0.0,0.0,0.0,1436.0,19290.0,9.0,11.0,0.0,2.0,0.0,180.0,17.0,12.0,0.0,0.0,58933.0,145800.0,5.0,0.0,8.0
2.484,16.149,81.366,0.0,0.0,0.0,134549504.0,22065152.0,263131136.0,3594518528.0,2016.0,15340.0,0.0,49152.0,0.0,4.0,1254.0,18861.0,9.0,11.0,0.0,2.0,0.0,180.0,17.0,12.0,0.0,0.0,52807.0,139031.0,1.0,0.0,5.0
2.703,15.916,81.381,0.0,0.0,0.0,134275072.0,22065152.0,263131136.0,3594792960.0,1984.0,15340.0,0.0,65536.0,0.0,8.0,1182.0,19826.0,9.0,11.0,0.0,2.0,0.0,180.0,17.0,12.0,0.0,0.0,61217.0,151285.0,1.0,0.0,5.0
1.813,16.012,82.175,0.0,0.0,0.0,134266880.0,22065152.0,263139328.0,3594792960.0,1888.0,15344.0,0.0,0.0,0.0,0.0,1282.0,20010.0,9.0,11.0,0.0,2.0,0.0,180.0,17.0,12.0,0.0,0.0,61296.0,151772.0,3.0,0.0,10.0
1.216,23.1,75.684,0.0,0.0,0.0,133910528.0,22065152.0,263139328.0,3595149312.0,1824.0,15344.0,0.0,0.0,0.0,0.0,1314.0,20857.0,9.0,11.0,0.0,2.0,0.0,180.0,17.0,12.0,0.0,0.0,57990.0,143096.0,5.0,0.0,5.0
3.963,17.073,78.963,0.0,0.0,0.0,133840896.0,22065152.0,263139328.0,3595218944.0,1824.0,15340.0,0.0,0.0,0.0,0.0,3309.0,21039.0,9.0,11.0,0.0,2.0,1.0,181.0,18.0,12.0,0.0,0.0,59923.0,148653.0,2.0,0.0,26.0
8.358,24.776,66.866,0.0,0.0,0.0,134131712.0,22073344.0,263143424.0,3594915840.0,2176.0,15336.0,0.0,40960.0,0.0,4.0,1248.0,14737.0,9.0,11.0,0.0,2.0,0.0,180.0,17.0,12.0,0.0,0.0,54671.0,131898.0,3.0,0.0,14.0
0.307,24.847,74.847,0.0,0.0,0.0,134131712.0,22073344.0,263143424.0,3594915840.0,2176.0,15336.0,0.0,49152.0,0.0,6.0,1188.0,19826.0,9.0,11.0,0.0,2.0,0.0,180.0,17.0,12.0,0.0,0.0,57496.0,141885.0,4.0,0.0,5.0
2.312,26.879,70.809,0.0,0.0,0.0,133840896.0,22073344.0,263143424.0,3595206656.0,2176.0,15336.0,0.0,0.0,0.0,0.0,1248.0,19916.0,9.0,11.0,0.0,2.0,0.0,180.0,17.0,12.0,0.0,0.0,57468.0,141746.0,1.0,0.0,5.0
8.464,20.376,71.16,0.0,0.0,0.0,133349376.0,22073344.0,263151616.0,3595689984.0,2144.0,15333.0,0.0,0.0,0.0,0.0,1122.0,18795.0,9.0,11.0,0.0,2.0,0.0,180.0,17.0,12.0,0.0,0.0,50470.0,132981.0,4.0,0.0,7.0
2.312,25.723,71.965,0.0,0.0,0.0,133316608.0,22073344.0,263151616.0,3595722752.0,2144.0,15333.0,0.0,0.0,0.0,0.0,1314.0,20857.0,9.0,11.0,0.0,2.0,0.0,180.0,17.0,12.0,0.0,0.0,58697.0,143439.0,3.0,0.0,5.0
1.173,25.806,73.021,0.0,0.0,0.0,133341184.0,22081536.0,263151616.0,3595689984.0,2144.0,15333.0,0.0,49152.0,0.0,4.0,1122.0,18795.0,9.0,11.0,0.0,1.0,0.0,180.0,17.0,12.0,0.0,0.0,58671.0,143362.0,6.0,0.0,5.0
2.933,23.754,73.314,0.0,0.0,0.0,133300224.0,22085632.0,263155712.0,3595722752.0,2144.0,15333.0,0.0,57344.0,0.0,8.0,1404.0,21013.0,9.0,11.0,0.0,1.0,0.0,180.0,17.0,12.0,0.0,0.0,58643.0,143253.0,3.0,0.0,9.0
2.047,26.023,71.93,0.0,0.0,0.0,133459968.0,22085632.0,263155712.0,3595563008.0,2144.0,15344.0,0.0,0.0,0.0,0.0,1188.0,18861.0,9.0,11.0,0.0,1.0,0.0,180.0,17.0,12.0,0.0,0.0,58312.0,142670.0,3.0,0.0,10.0
2.752,21.101,76.147,0.0,0.0,0.0,133718016.0,22085632.0,263155712.0,3595304960.0,2144.0,15344.0,0.0,0.0,0.0,0.0,1338.0,18885.0,9.0,11.0,0.0,1.0,0.0,180.0,17.0,12.0,0.0,0.0,58504.0,142979.0,3.0,0.0,5.0
1.449,26.377,72.174,0.0,0.0,0.0,133730304.0,22085632.0,263159808.0,3595288576.0,2144.0,15344.0,0.0,0.0,0.0,0.0,1452.0,20193.0,9.0,11.0,0.0,1.0,0.0,180.0,17.0,12.0,0.0,0.0,58518.0,142972.0,5.0,0.0,5.0
8.108,22.823,69.069,0.0,0.0,0.0,134209536.0,22093824.0,263163904.0,3594797056.0,2176.0,15341.0,0.0,57344.0,0.0,4.0,1698.0,19892.0,9.0,11.0,0.0,1.0,0.0,180.0,17.0,12.0,0.0,0.0,54414.0,134638.0,3.0,0.0,13.0
2.353,24.118,73.529,0.0,0.0,0.0,134131712.0,22093824.0,263163904.0,3594874880.0,2144.0,15341.0,0.0,49152.0,0.0,8.0,1122.0,19826.0,9.0,11.0,0.0,1.0,0.0,180.0,17.0,12.0,0.0,0.0,58637.0,143174.0,5.0,0.0,5.0
1.95,28.691,69.359,0.0,0.0,0.0,134057984.0,22093824.0,263163904.0,3594948608.0,2144.0,15341.0,0.0,0.0,0.0,0.0,1338.0,19916.0,9.0,11.0,0.0,1.0,0.0,180.0,17.0,12.0,0.0,0.0,58616.0,143111.0,4.0,0.0,5.0
1.775,23.964,74.26,0.0,0.0,0.0,134115328.0,22093824.0,263163904.0,3594891264.0,2144.0,15342.0,0.0,0.0,0.0,0.0,1368.0,18975.0,9.0,11.0,0.0,1.0,0.0,180.0,17.0,12.0,0.0,0.0,58662.0,143288.0,6.0,0.0,4.0
7.558,23.256,69.186,0.0,0.0,0.0,133537792.0,22093824.0,263168000.0,3595464704.0,2144.0,15345.0,0.0,0.0,0.0,0.0,1436.0,19291.0,9.0,11.0,0.0,1.0,0.0,180.0,17.0,12.0,0.0,0.0,44510.0,126981.0,2.0,0.0,6.0
1.802,15.315,82.883,0.0,0.0,0.0,133562368.0,22102016.0,263168000.0,3595431936.0,2144.0,15343.0,0.0,57344.0,0.0,4.0,1122.0,19826.0,9.0,11.0,0.0,1.0,0.0,180.0,17.0,12.0,0.0,0.0,32504.0,113441.0,2.0,0.0,5.0
1.17,22.222,76.608,0.0,0.0,0.0,133529600.0,22102016.0,263168000.0,3595464704.0,2176.0,15343.0,0.0,0.0,0.0,0.0,1404.0,19982.0,9.0,11.0,0.0,1.0,0.0,180.0,17.0,12.0,0.0,0.0,47959.0,132703.0,5.0,0.0,5.0
1.905,19.683,78.413,0.0,0.0,0.0,133558272.0,22102016.0,263172096.0,3595431936.0,2144.0,15350.0,0.0,0.0,0.0,0.0,1122.0,20249.0,9.0,11.0,0.0,1.0,0.0,180.0,17.0,12.0,0.0,0.0,58358.0,142749.0,5.0,0.0,10.0
2.432,21.581,75.988,0.0,0.0,0.0,133525504.0,22102016.0,263172096.0,3595464704.0,2144.0,15347.0,0.0,0.0,0.0,0.0,1314.0,19403.0,9.0,11.0,0.0,1.0,0.0,180.0,17.0,12.0,0.0,0.0,58645.0,143316.0,2.0,0.0,5.0
1.176,27.059,71.765,0.0,0.0,0.0,133558272.0,22102016.0,263172096.0,3595431936.0,2144.0,15347.0,0.0,0.0,0.0,0.0,1122.0,18795.0,9.0,11.0,0.0,1.0,0.0,180.0,17.0,12.0,0.0,0.0,57912.0,142120.0,4.0,0.0,5.0
8.951,22.222,68.827,0.0,0.0,0.0,134045696.0,22110208.0,263168000.0,3594940416.0,2176.0,15343.0,0.0,24576.0,0.0,4.0,1380.0,20791.0,9.0,11.0,0.0,1.0,0.0,180.0,17.0,12.0,0.0,0.0,53680.0,133135.0,5.0,0.0,13.0
1.529,23.547,74.618,0.0,0.0,0.306,134057984.0,22110208.0,263180288.0,3594915840.0,2144.0,15343.0,0.0,0.0,0.0,0.0,1248.0,18837.0,9.0,11.0,0.0,1.0,0.0,180.0,17.0,12.0,0.0,0.0,58037.0,142079.0,3.0,0.0,5.0
0.94,23.824,75.235,0.0,0.0,0.0,134025216.0,22110208.0,263180288.0,3594948608.0,2144.0,15343.0,0.0,0.0,0.0,0.0,1316.0,19892.0,9.0,11.0,0.0,1.0,0.0,180.0,17.0,12.0,0.0,0.0,57338.0,140385.0,2.0,0.0,5.0
0.958,21.086,77.955,0.0,0.0,0.0,134311936.0,22110208.0,263184384.0,3594657792.0,2144.0,15343.0,0.0,0.0,0.0,0.0,1188.0,19826.0,9.0,11.0,0.0,1.0,0.0,180.0,17.0,12.0,0.0,0.0,58138.0,142439.0,2.0,0.0,5.0
1.608,19.614,78.778,0.0,0.0,0.0,134053888.0,22110208.0,263184384.0,3594915840.0,2144.0,15343.0,0.0,0.0,0.0,0.0,1308.0,18837.0,9.0,11.0,0.0,1.0,0.0,180.0,17.0,12.0,0.0,0.0,58085.0,142366.0,3.0,0.0,5.0
6.462,24.0,69.231,0.308,0.0,0.0,135041024.0,22118400.0,263188480.0,3593916416.0,2112.0,15336.0,0.0,24576.0,0.0,4.0,1291.0,19892.0,9.0,11.0,0.0,1.0,0.0,180.0,17.0,12.0,0.0,0.0,56460.0,140199.0,5.0,0.0,7.0
2.639,24.802,72.559,0.0,0.0,0.0,134557696.0,22118400.0,263188480.0,3594399744.0,2112.0,15341.0,0.0,0.0,0.0,0.0,1314.0,19892.0,9.0,11.0,0.0,1.0,0.0,180.0,17.0,12.0,0.0,0.0,32820.0,115299.0,4.0,0.0,5.0
2.023,20.52,77.457,0.0,0.0,0.0,134520832.0,22118400.0,263192576.0,3594432512.0,2080.0,15349.0,0.0,0.0,0.0,0.0,1188.0,20857.0,9.0,11.0,0.0,1.0,0.0,180.0,17.0,12.0,0.0,0.0,38933.0,121239.0,3.0,0.0,10.0
1.475,19.469,79.056,0.0,0.0,0.0,134553600.0,22118400.0,263192576.0,3594399744.0,2080.0,15346.0,0.0,0.0,0.0,0.0,1314.0,18861.0,9.0,11.0,0.0,1.0,0.0,180.0,17.0,12.0,0.0,0.0,43521.0,126348.0,2.0,0.0,5.0
1.389,24.167,74.444,0.0,0.0,0.0,134549504.0,22118400.0,263196672.0,3594399744.0,2080.0,15346.0,0.0,0.0,0.0,0.0,1452.0,19162.0,9.0,11.0,0.0,1.0,0.0,180.0,17.0,12.0,0.0,0.0,43819.0,127105.0,0.0,0.0,5.0
8.333,21.552,70.115,0.0,0.0,0.0,134397952.0,22126592.0,263200768.0,3594539008.0,2176.0,15338.0,0.0,24576.0,0.0,4.0,1314.0,19760.0,9.0,11.0,0.0,1.0,0.0,180.0,17.0,12.0,0.0,0.0,42902.0,121367.0,4.0,0.0,13.0
2.083,18.155,79.762,0.0,0.0,0.0,134365184.0,22126592.0,263200768.0,3594571776.0,2176.0,15338.0,0.0,0.0,0.0,0.0,1188.0,19826.0,9.0,11.0,0.0,1.0,0.0,180.0,17.0,12.0,0.0,0.0,43420.0,126965.0,4.0,0.0,5.0
1.201,15.616,83.183,0.0,0.0,0.0,134012928.0,22126592.0,263200768.0,3594924032.0,2176.0,15338.0,0.0,114688.0,0.0,10.0,1248.0,20857.0,9.0,11.0,0.0,1.0,0.0,180.0,17.0,12.0,0.0,0.0,36020.0,119068.0,0.0,0.0,5.0
1.671,19.22,79.109,0.0,0.0,0.0,133976064.0,22126592.0,263204864.0,3594956800.0,2176.0,15338.0,0.0,0.0,0.0,0.0,1188.0,18795.0,9.0,11.0,0.0,1.0,0.0,180.0,17.0,12.0,0.0,0.0,28731.0,110242.0,4.0,0.0,5.0
2.26,23.729,74.011,0.0,0.0,0.0,133816320.0,22126592.0,263204864.0,3595116544.0,2176.0,15341.0,0.0,0.0,0.0,0.0,1436.0,19291.0,9.0,11.0,0.0,1.0,0.0,180.0,17.0,12.0,0.0,0.0,42621.0,126262.0,2.0,0.0,8.0
2.201,21.069,76.73,0.0,0.0,0.0,133775360.0,22134784.0,263204864.0,3595149312.0,2176.0,15341.0,0.0,57344.0,0.0,4.0,1188.0,20857.0,9.0,11.0,0.0,1.0,0.0,180.0,17.0,12.0,0.0,0.0,58094.0,141892.0,3.0,0.0,5.0
2.121,24.545,73.333,0.0,0.0,0.0,134074368.0,22134784.0,263204864.0,3594850304.0,2176.0,15341.0,0.0,0.0,0.0,0.0,1314.0,18861.0,9.0,11.0,0.0,1.0,0.0,180.0,17.0,12.0,0.0,0.0,57712.0,140844.0,4.0,0.0,6.0
6.322,23.851,69.828,0.0,0.0,0.0,133521408.0,22134784.0,263208960.0,3595399168.0,2144.0,15342.0,0.0,57344.0,0.0,10.0,1122.0,19826.0,9.0,11.0,0.0,1.0,0.0,180.0,17.0,12.0,0.0,0.0,39643.0,120766.0,1.0,0.0,12.0
1.511,17.221,81.269,0.0,0.0,0.0,133681152.0,22134784.0,263208960.0,3595239424.0,2144.0,15342.0,0.0,0.0,0.0,0.0,1248.0,19826.0,9.0,11.0,0.0,1.0,0.0,180.0,17.0,12.0,0.0,0.0,43784.0,125455.0,1.0,0.0,9.0
1.484,18.694,79.822,0.0,0.0,0.0,133681152.0,22134784.0,263208960.0,3595239424.0,2144.0,15342.0,0.0,0.0,0.0,0.0,1122.0,20249.0,9.0,11.0,0.0,1.0,0.0,180.0,17.0,12.0,0.0,0.0,43635.0,125013.0,0.0,0.0,5.0
8.85,20.354,70.796,0.0,0.0,0.0,134017024.0,22142976.0,263204864.0,3594899456.0,2176.0,15338.0,0.0,49152.0,0.0,4.0,1500.0,19403.0,9.0,11.0,0.0,1.0,0.0,180.0,17.0,12.0,0.0,0.0,43012.0,123133.0,2.0,0.0,13.0
0.932,15.217,83.851,0.0,0.0,0.0,133926912.0,22142976.0,263213056.0,3594981376.0,2176.0,15338.0,0.0,0.0,0.0,0.0,1122.0,18795.0,9.0,11.0,0.0,1.0,0.0,180.0,17.0,12.0,0.0,0.0,43706.0,125339.0,4.0,0.0,5.0
1.807,17.47,80.723,0.0,0.0,0.0,134152192.0,22142976.0,263213056.0,3594756096.0,2176.0,15338.0,0.0,40960.0,0.0,6.0,1248.0,20857.0,9.0,11.0,0.0,1.0,0.0,180.0,17.0,12.0,0.0,0.0,43676.0,125068.0,1.0,0.0,5.0
0.926,16.049,83.025,0.0,0.0,0.0,134176768.0,22142976.0,263221248.0,3594723328.0,2176.0,15338.0,0.0,0.0,0.0,0.0,1254.0,18861.0,9.0,11.0,0.0,1.0,0.0,180.0,17.0,12.0,0.0,0.0,43745.0,125281.0,2.0,0.0,5.0
2.959,17.456,79.586,0.0,0.0,0.0,134144000.0,22142976.0,263221248.0,3594756096.0,2176.0,15338.0,0.0,0.0,0.0,0.0,1182.0,19826.0,9.0,11.0,0.0,1.0,0.0,180.0,17.0,12.0,0.0,0.0,43630.0,125003.0,4.0,0.0,5.0
1.739,20.0,78.261,0.0,0.0,0.0,134135808.0,22151168.0,263221248.0,3594756096.0,2176.0,15338.0,0.0,49152.0,0.0,4.0,1188.0,19826.0,9.0,11.0,0.0,1.0,0.0,180.0,17.0,12.0,0.0,0.0,43655.0,124940.0,1.0,0.0,5.0
2.115,15.71,82.175,0.0,0.0,0.0,134164480.0,22151168.0,263225344.0,3594723328.0,2176.0,15338.0,0.0,0.0,0.0,0.0,1248.0,20315.0,9.0,11.0,0.0,1.0,0.0,180.0,17.0,12.0,0.0,0.0,41050.0,122448.0,1.0,0.0,5.0
2.479,23.14,74.38,0.0,0.0,0.0,133713920.0,22151168.0,263225344.0,3595173888.0,2144.0,15341.0,0.0,49152.0,0.0,8.0,1254.0,19403.0,9.0,11.0,0.0,1.0,0.0,180.0,17.0,12.0,0.0,0.0,38218.0,120723.0,5.0,0.0,10.0
5.831,23.324,70.845,0.0,0.0,0.0,133963776.0,22151168.0,263233536.0,3594915840.0,2176.0,15339.0,0.0,0.0,0.0,0.0,1368.0,18945.0,9.0,11.0,0.0,1.0,0.0,180.0,17.0,12.0,0.0,0.0,43447.0,126212.0,2.0,0.0,7.0
1.662,24.1,74.238,0.0,0.0,0.0,133980160.0,22151168.0,263233536.0,3594899456.0,2176.0,15339.0,0.0,0.0,0.0,0.0,1518.0,21224.0,9.0,11.0,0.0,1.0,0.0,180.0,17.0,12.0,0.0,0.0,41615.0,124604.0,3.0,0.0,5.0
7.08,19.764,72.861,0.295,0.0,0.0,134316032.0,22159360.0,263237632.0,3594551296.0,2144.0,15332.0,0.0,57344.0,0.0,4.0,1380.0,18795.0,9.0,11.0,0.0,1.0,0.0,180.0,17.0,12.0,0.0,0.0,51268.0,132260.0,4.0,0.0,13.0
0.627,16.928,82.445,0.0,0.0,0.0,134344704.0,22159360.0,263237632.0,3594522624.0,2080.0,15332.0,0.0,0.0,0.0,0.0,1122.0,19826.0,9.0,11.0,0.0,1.0,0.0,180.0,17.0,12.0,0.0,0.0,59742.0,146197.0,5.0,0.0,5.0
0.319,15.016,84.665,0.0,0.0,0.0,134103040.0,22159360.0,263237632.0,3594764288.0,2016.0,15332.0,0.0,65536.0,0.0,12.0,1382.0,19892.0,9.0,11.0,0.0,1.0,0.0,180.0,17.0,12.0,0.0,0.0,60032.0,146995.0,5.0,0.0,5.0
0.61,17.073,82.317,0.0,0.0,0.0,134242304.0,22159360.0,263241728.0,3594620928.0,1952.0,15332.0,0.0,0.0,0.0,0.0,1188.0,18795.0,9.0,11.0,0.0,1.0,0.0,180.0,17.0,12.0,0.0,0.0,60479.0,148808.0,0.0,0.0,5.0
3.562,19.178,76.986,0.0,0.0,0.274,134070272.0,22159360.0,263241728.0,3594792960.0,1920.0,15335.0,0.0,0.0,0.0,0.0,1436.0,20321.0,9.0,11.0,0.0,1.0,0.0,180.0,17.0,12.0,0.0,0.0,54223.0,147031.0,1.0,0.0,8.0
1.25,17.188,81.562,0.0,0.0,0.0,134062080.0,22167552.0,263241728.0,3594792960.0,1856.0,15335.0,0.0,57344.0,0.0,4.0,1188.0,19826.0,9.0,11.0,0.0,1.0,0.0,180.0,17.0,12.0,0.0,0.0,59881.0,148536.0,4.0,0.0,0.0
1.597,18.85,79.553,0.0,0.0,0.0,133771264.0,22167552.0,263241728.0,3595083776.0,1824.0,15335.0,0.0,0.0,0.0,0.0,1248.0,20315.0,9.0,11.0,0.0,1.0,0.0,180.0,17.0,12.0,0.0,0.0,57866.0,143585.0,3.0,0.0,5.0
2.571,25.429,72.0,0.0,0.0,0.0,134115328.0,22167552.0,263245824.0,3594735616.0,2144.0,15338.0,0.0,49152.0,0.0,8.0,3477.0,19881.0,9.0,11.0,0.0,2.0,0.0,180.0,17.0,12.0,0.0,0.0,45208.0,128832.0,1.0,0.0,32.0
0.909,17.879,81.212,0.0,0.0,0.0,134148096.0,22167552.0,263245824.0,3594702848.0,2112.0,15335.0,0.0,0.0,0.0,0.0,1314.0,20857.0,9.0,11.0,0.0,2.0,0.0,180.0,17.0,12.0,0.0,0.0,42547.0,126003.0,1.0,0.0,5.0
8.493,22.466,69.041,0.0,0.0,0.0,133988352.0,22167552.0,263245824.0,3594862592.0,2144.0,15332.0,0.0,0.0,0.0,0.0,1291.0,18861.0,9.0,11.0,0.0,2.0,0.0,180.0,17.0,12.0,0.0,0.0,35490.0,117510.0,3.0,0.0,7.0
8.069,21.037,70.893,0.0,0.0,0.0,134500352.0,22175744.0,263249920.0,3594338304.0,2176.0,15328.0,0.0,49152.0,0.0,4.0,1116.0,20249.0,9.0,11.0,0.0,2.0,0.0,180.0,17.0,12.0,0.0,0.0,41794.0,120539.0,5.0,0.0,13.0
2.557,27.841,69.602,0.0,0.0,0.0,134266880.0,22175744.0,263249920.0,3594571776.0,2176.0,15328.0,0.0,0.0,0.0,0.0,1388.0,19469.0,9.0,11.0,0.0,1.0,0.0,180.0,17.0,12.0,0.0,0.0,57606.0,142190.0,5.0,0.0,5.0
1.27,20.952,77.778,0.0,0.0,0.0,134234112.0,22175744.0,263249920.0,3594604544.0,2176.0,15328.0,0.0,0.0,0.0,0.0,1182.0,18795.0,9.0,11.0,0.0,1.0,0.0,180.0,17.0,12.0,0.0,0.0,57513.0,141841.0,3.0,0.0,5.0
2.339,24.561,73.099,0.0,0.0,0.0,134008832.0,22175744.0,263249920.0,3594829824.0,2176.0,15328.0,0.0,49152.0,0.0,8.0,1388.0,20989.0,9.0,11.0,0.0,1.0,0.0,180.0,17.0,12.0,0.0,0.0,58181.0,143449.0,3.0,0.0,5.0
1.863,20.186,77.95,0.0,0.0,0.0,133971968.0,22175744.0,263254016.0,3594862592.0,2144.0,15328.0,0.0,0.0,0.0,0.0,1182.0,18795.0,9.0,11.0,0.0,1.0,0.0,180.0,17.0,12.0,0.0,0.0,58231.0,143682.0,4.0,0.0,5.0
2.09,23.284,74.627,0.0,0.0,0.0,133996544.0,22183936.0,263254016.0,3594829824.0,2144.0,15328.0,0.0,49152.0,0.0,4.0,1188.0,18795.0,9.0,11.0,0.0,1.0,0.0,180.0,17.0,12.0,0.0,0.0,58204.0,143528.0,5.0,0.0,5.0
1.22,22.561,76.22,0.0,0.0,0.0,133992448.0,22183936.0,263258112.0,3594829824.0,2144.0,15328.0,0.0,0.0,0.0,0.0,1182.0,19826.0,9.0,11.0,0.0,1.0,0.0,180.0,17.0,12.0,0.0,0.0,58159.0,143403.0,2.0,0.0,5.0
2.147,20.245,77.607,0.0,0.0,0.0,133693440.0,22183936.0,263266304.0,3595120640.0,2144.0,15342.0,0.0,0.0,0.0,0.0,1188.0,19826.0,9.0,11.0,0.0,1.0,0.0,180.0,17.0,12.0,0.0,0.0,53176.0,138128.0,2.0,0.0,10.0
1.558,20.561,77.882,0.0,0.0,0.0,133718016.0,22192128.0,263266304.0,3595087872.0,2144.0,15339.0,0.0,57344.0,0.0,8.0,1248.0,18861.0,9.0,11.0,0.0,1.0,0.0,180.0,17.0,12.0,0.0,0.0,58131.0,143223.0,3.0,0.0,5.0
1.548,21.053,77.399,0.0,0.0,0.0,133718016.0,22192128.0,263266304.0,3595087872.0,2144.0,15339.0,0.0,0.0,0.0,0.0,1584.0,21224.0,9.0,11.0,0.0,1.0,0.0,180.0,17.0,12.0,0.0,0.0,58270.0,143499.0,2.0,0.0,5.0
10.264,24.34,65.396,0.0,0.0,0.0,131874816.0,22200320.0,263270400.0,3596918784.0,2144.0,15318.0,0.0,73728.0,0.0,4.0,1656.0,18885.0,9.0,11.0,0.0,1.0,0.0,180.0,17.0,12.0,0.0,0.0,53578.0,133448.0,7.0,0.0,13.0
5.09,19.76,75.15,0.0,0.0,0.0,134492160.0,22200320.0,263274496.0,3594297344.0,2176.0,15334.0,0.0,0.0,0.0,0.0,1122.0,19826.0,9.0,11.0,0.0,1.0,0.0,180.0,17.0,12.0,0.0,0.0,43097.0,126490.0,6.0,0.0,7.0
1.502,18.018,80.48,0.0,0.0,0.0,134459392.0,22200320.0,263274496.0,3594330112.0,2144.0,15334.0,0.0,0.0,0.0,0.0,1248.0,19826.0,9.0,11.0,0.0,1.0,0.0,180.0,17.0,12.0,0.0,0.0,43193.0,126822.0,4.0,0.0,5.0
1.977,22.316,75.706,0.0,0.0,0.0,134483968.0,22204416.0,263278592.0,3594297344.0,2176.0,15334.0,0.0,81920.0,0.0,16.0,1248.0,18837.0,9.0,11.0,0.0,1.0,0.0,180.0,17.0,12.0,0.0,0.0,43342.0,127144.0,4.0,0.0,5.0
1.887,25.337,72.776,0.0,0.0,0.0,134483968.0,22204416.0,263278592.0,3594297344.0,2176.0,15339.0,0.0,0.0,0.0,0.0,1616.0,20502.0,9.0,11.0,0.0,1.0,0.0,180.0,17.0,12.0,0.0,0.0,37425.0,120448.0,1.0,0.0,8.0
0.85,21.246,77.62,0.283,0.0,0.0,133959680.0,22212608.0,263278592.0,3594813440.0,2176.0,15339.0,0.0,65536.0,0.0,4.0,1188.0,19826.0,9.0,11.0,0.0,1.0,0.0,180.0,17.0,12.0,0.0,0.0,34533.0,115433.0,6.0,0.0,5.0
1.433,18.625,79.943,0.0,0.0,0.0,133926912.0,22212608.0,263278592.0,3594846208.0,2176.0,15339.0,0.0,0.0,0.0,0.0,1248.0,20315.0,9.0,11.0,0.0,1.0,0.0,180.0,17.0,12.0,0.0,0.0,34466.0,116985.0,5.0,0.0,5.0
1.863,15.839,82.298,0.0,0.0,0.0,133697536.0,22212608.0,263282688.0,3595071488.0,2144.0,15343.0,0.0,0.0,0.0,0.0,1254.0,19403.0,9.0,11.0,0.0,1.0,0.0,180.0,17.0,12.0,0.0,0.0,43499.0,126653.0,5.0,0.0,10.0
1.553,17.081,81.366,0.0,0.0,0.0,133664768.0,22212608.0,263282688.0,3595104256.0,2176.0,15343.0,0.0,57344.0,0.0,10.0,1316.0,18861.0,9.0,11.0,0.0,1.0,0.0,180.0,17.0,12.0,0.0,0.0,48784.0,132810.0,4.0,0.0,5.0
2.174,20.186,77.64,0.0,0.0,0.0,133955584.0,22212608.0,263282688.0,3594813440.0,2176.0,15343.0,0.0,0.0,0.0,0.0,1322.0,20923.0,9.0,11.0,0.0,1.0,0.0,180.0,17.0,12.0,0.0,0.0,58790.0,143577.0,3.0,0.0,5.0
8.917,15.287,75.478,0.0,0.0,0.318,134037504.0,22220800.0,263286784.0,3594719232.0,2176.0,15339.0,0.0,49152.0,0.0,4.0,1470.0,18885.0,9.0,11.0,0.0,1.0,0.0,180.0,17.0,12.0,0.0,0.0,55239.0,129891.0,4.0,0.0,17.0
0.993,15.894,83.113,0.0,0.0,0.0,134070272.0,22220800.0,263286784.0,3594686464.0,2176.0,15339.0,0.0,0.0,0.0,0.0,1212.0,18885.0,9.0,11.0,0.0,1.0,0.0,180.0,17.0,12.0,0.0,0.0,58764.0,143640.0,5.0,0.0,5.0
7.43,19.505,73.065,0.0,0.0,0.0,134037504.0,22220800.0,263286784.0,3594719232.0,2144.0,15336.0,0.0,0.0,0.0,0.0,1338.0,20947.0,9.0,11.0,0.0,1.0,0.0,180.0,17.0,12.0,0.0,0.0,48526.0,132258.0,3.0,0.0,7.0
2.548,19.427,78.025,0.0,0.0,0.0,134066176.0,22220800.0,263290880.0,3594686464.0,2176.0,15336.0,0.0,0.0,0.0,0.0,1478.0,19017.0,9.0,11.0,0.0,1.0,0.0,180.0,17.0,12.0,0.0,0.0,58185.0,142426.0,1.0,0.0,9.0
0.974,19.805,79.221,0.0,0.0,0.0,134033408.0,22220800.0,263290880.0,3594719232.0,2176.0,15336.0,0.0,0.0,0.0,0.0,1182.0,19826.0,9.0,11.0,0.0,1.0,0.0,180.0,17.0,12.0,0.0,0.0,58000.0,142055.0,1.0,0.0,5.0
1.742,12.892,85.366,0.0,0.0,0.0,134074368.0,22228992.0,263290880.0,3594670080.0,2176.0,15336.0,0.0,24576.0,0.0,4.0,1188.0,19826.0,9.0,11.0,0.0,1.0,0.0,180.0,17.0,12.0,0.0,0.0,57770.0,142408.0,3.0,0.0,5.0
4.505,23.423,71.772,0.0,0.0,0.3,134070272.0,22228992.0,263294976.0,3594670080.0,2176.0,15336.0,0.0,0.0,0.0,0.0,1182.0,18795.0,9.0,11.0,0.0,1.0,0.0,180.0,17.0,12.0,0.0,0.0,56828.0,140267.0,5.0,0.0,5.0
0.617,24.383,75.0,0.0,0.0,0.0,134074368.0,22228992.0,263299072.0,3594661888.0,2144.0,15341.0,0.0,0.0,0.0,0.0,1254.0,20857.0,9.0,11.0,0.0,1.0,0.0,180.0,17.0,12.0,0.0,0.0,57287.0,141597.0,4.0,0.0,10.0
2.077,25.519,72.404,0.0,0.0,0.0,134090752.0,22228992.0,263299072.0,3594645504.0,2144.0,15341.0,0.0,0.0,0.0,0.0,1326.0,18861.0,9.0,11.0,0.0,1.0,0.0,180.0,17.0,12.0,0.0,0.0,57435.0,141734.0,2.0,0.0,5.0
2.769,21.846,75.385,0.0,0.0,0.0,134045696.0,22228992.0,263303168.0,3594686464.0,2144.0,15341.0,0.0,0.0,0.0,0.0,1578.0,21266.0,9.0,11.0,0.0,1.0,0.0,180.0,17.0,12.0,0.0,0.0,57921.0,141717.0,3.0,0.0,5.0
8.761,19.94,71.299,0.0,0.0,0.0,134320128.0,22237184.0,263303168.0,3594403840.0,2144.0,15338.0,0.0,24576.0,0.0,4.0,1116.0,16733.0,9.0,11.0,0.0,1.0,0.0,180.0,17.0,12.0,0.0,0.0,45917.0,124924.0,3.0,0.0,13.0
1.466,19.941,78.592,0.0,0.0,0.0,134033408.0,22237184.0,263307264.0,3594686464.0,2144.0,15338.0,0.0,0.0,0.0,0.0,1122.0,19826.0,9.0,11.0,0.0,1.0,0.0,180.0,17.0,12.0,0.0,0.0,44791.0,125975.0,4.0,0.0,5.0
1.603,19.231,79.167,0.0,0.0,0.0,134033408.0,22237184.0,263307264.0,3594686464.0,2144.0,15339.0,0.0,0.0,0.0,0.0,1248.0,19826.0,9.0,11.0,0.0,1.0,0.0,180.0,17.0,12.0,0.0,0.0,58307.0,142967.0,5.0,0.0,1.0
6.854,19.938,73.209,0.0,0.0,0.0,133738496.0,22237184.0,263311360.0,3594977280.0,2112.0,15336.0,0.0,0.0,0.0,0.0,1291.0,18861.0,9.0,11.0,0.0,1.0,0.0,180.0,17.0,12.0,0.0,0.0,46669.0,128672.0,3.0,0.0,6.0
2.374,19.585,78.042,0.0,0.0,0.0,133640192.0,22237184.0,263315456.0,3595071488.0,2144.0,15341.0,0.0,0.0,0.0,0.0,1502.0,19291.0,9.0,11.0,0.0,1.0,0.0,180.0,17.0,12.0,0.0,0.0,43493.0,126625.0,5.0,0.0,8.0
0.952,13.968,85.079,0.0,0.0,0.0,133599232.0,22245376.0,263315456.0,3595104256.0,2144.0,15339.0,0.0,24576.0,0.0,4.0,1122.0,19826.0,9.0,11.0,0.0,1.0,0.0,180.0,17.0,12.0,0.0,0.0,43519.0,127444.0,4.0,0.0,5.0
8.309,19.288,72.404,0.0,0.0,0.0,138539008.0,22245376.0,263319552.0,3590160384.0,2176.0,15340.0,8192.0,0.0,2.0,0.0,1416.0,19994.0,10.0,11.0,0.0,1.0,0.0,181.0,18.0,12.0,0.0,0.0,40254.0,123451.0,6.0,0.0,6.0
1.278,21.725,76.997,0.0,0.0,0.0,139345920.0,22245376.0,263319552.0,3589353472.0,2176.0,15350.0,0.0,0.0,0.0,0.0,1388.0,20989.0,10.0,11.0,0.0,1.0,0.0,181.0,18.0,12.0,0.0,0.0,58047.0,141761.0,3.0,0.0,10.0
1.034,12.414,86.552,0.0,0.0,0.0,139374592.0,22245376.0,263323648.0,3589320704.0,2176.0,15347.0,0.0,0.0,0.0,0.0,1417.0,18861.0,10.0,11.0,0.0,1.0,0.0,181.0,18.0,12.0,0.0,0.0,58759.0,143635.0,3.0,0.0,5.0
2.885,17.628,79.487,0.0,0.0,0.0,139341824.0,22245376.0,263323648.0,3589353472.0,2176.0,15347.0,0.0,0.0,0.0,0.0,1122.0,19826.0,10.0,11.0,0.0,1.0,0.0,181.0,18.0,12.0,0.0,0.0,58466.0,143254.0,5.0,0.0,5.0
6.897,22.701,70.402,0.0,0.0,0.0,139366400.0,22253568.0,263323648.0,3589320704.0,2208.0,15343.0,0.0,24576.0,0.0,4.0,1446.0,19760.0,10.0,11.0,0.0,1.0,0.0,181.0,18.0,12.0,0.0,0.0,46858.0,120736.0,6.0,0.0,13.0
1.709,21.937,76.353,0.0,0.0,0.0,139071488.0,22253568.0,263327744.0,3589611520.0,2208.0,15343.0,0.0,0.0,0.0,0.0,1308.0,18795.0,10.0,11.0,0.0,1.0,0.0,181.0,18.0,12.0,0.0,0.0,44017.0,126489.0,2.0,0.0,9.0
3.243,22.432,74.324,0.0,0.0,0.0,139104256.0,22253568.0,263327744.0,3589578752.0,2208.0,15343.0,0.0,0.0,0.0,0.0,1248.0,20857.0,10.0,11.0,0.0,1.0,0.0,181.0,18.0,12.0,0.0,0.0,35968.0,118731.0,6.0,0.0,5.0
2.204,20.386,77.41,0.0,0.0,0.0,139071488.0,22253568.0,263327744.0,3589611520.0,2208.0,15343.0,0.0,0.0,0.0,0.0,1254.0,18861.0,10.0,11.0,0.0,1.0,0.0,181.0,18.0,12.0,0.0,0.0,33592.0,115612.0,4.0,0.0,5.0
6.522,18.012,75.466,0.0,0.0,0.0,139837440.0,22253568.0,263335936.0,3588837376.0,2176.0,15340.0,0.0,0.0,0.0,0.0,1182.0,19826.0,10.0,11.0,0.0,1.0,0.0,181.0,18.0,12.0,0.0,0.0,43537.0,127284.0,5.0,0.0,7.0
1.786,18.75,79.464,0.0,0.0,0.0,140128256.0,22261760.0,263335936.0,3588538368.0,2176.0,15340.0,0.0,24576.0,0.0,4.0,1809.0,19472.0,10.0,11.0,0.0,2.0,0.0,181.0,18.0,12.0,0.0,0.0,43721.0,127785.0,3.0,0.0,7.0
2.484,19.565,77.64,0.0,0.0,0.311,139894784.0,22261760.0,263335936.0,3588771840.0,2176.0,15340.0,0.0,0.0,0.0,0.0,1248.0,19826.0,10.0,11.0,0.0,2.0,0.0,181.0,18.0,12.0,0.0,0.0,58755.0,143662.0,5.0,0.0,5.0
0.946,19.874,79.18,0.0,0.0,0.0,139849728.0,22261760.0,263340032.0,3588812800.0,2176.0,15344.0,0.0,0.0,0.0,0.0,1254.0,20857.0,10.0,11.0,0.0,2.0,0.0,181.0,18.0,12.0,0.0,0.0,59143.0,144235.0,2.0,0.0,10.0
2.229,16.242,81.529,0.0,0.0,0.0,139882496.0,22261760.0,263340032.0,3588780032.0,2144.0,15341.0,0.0,81920.0,0.0,4.0,1182.0,18795.0,10.0,11.0,0.0,2.0,0.0,181.0,18.0,12.0,0.0,0.0,59454.0,145227.0,3.0,0.0,5.0
1.282,16.346,82.372,0.0,0.0,0.0,139382784.0,22261760.0,263340032.0,3589279744.0,2048.0,15341.0,0.0,0.0,0.0,0.0,2371.0,21001.0,10.0,11.0,0.0,3.0,0.0,181.0,18.0,12.0,0.0,0.0,59502.0,145488.0,3.0,0.0,7.0
8.631,19.048,72.024,0.298,0.0,0.0,140144640.0,22269952.0,263344128.0,3588505600.0,2048.0,15338.0,0.0,49152.0,0.0,4.0,1446.0,19826.0,10.0,11.0,0.0,3.0,0.0,181.0,18.0,12.0,0.0,0.0,56077.0,138629.0,1.0,0.0,13.0
2.029,15.652,82.319,0.0,0.0,0.0,140144640.0,22269952.0,263344128.0,3588505600.0,1952.0,15338.0,0.0,0.0,0.0,0.0,1122.0,19826.0,10.0,11.0,0.0,3.0,0.0,181.0,18.0,12.0,0.0,0.0,63505.0,155338.0,2.0,0.0,5.0
1.705,18.75,79.545,0.0,0.0,0.0,139976704.0,22269952.0,263348224.0,3588669440.0,1920.0,15338.0,0.0,0.0,0.0,0.0,1248.0,19826.0,10.0,11.0,0.0,3.0,0.0,181.0,18.0,12.0,0.0,0.0,63006.0,154081.0,2.0,0.0,5.0
2.299,15.517,81.897,0.0,0.0,0.287,139935744.0,22269952.0,263364608.0,3588694016.0,1888.0,15338.0,24576.0,90112.0,2.0,10.0,1873.0,20558.0,10.0,11.0,0.0,4.0,0.0,181.0,18.0,12.0,0.0,0.0,63406.0,155292.0,3.0,0.0,7.0
5.398,24.432,70.17,0.0,0.0,0.0,139653120.0,22269952.0,263364608.0,3588976640.0,2176.0,15342.0,0.0,0.0,0.0,0.0,3703.0,21605.0,10.0,11.0,0.0,5.0,0.0,181.0,18.0,12.0,0.0,0.0,52524.0,137993.0,4.0,0.0,30.0
2.208,18.927,78.864,0.0,0.0,0.0,137031680.0,22278144.0,263364608.0,3591589888.0,2144.0,15323.0,0.0,65536.0,0.0,4.0,1188.0,19826.0,10.0,11.0,0.0,5.0,0.0,181.0,18.0,12.0,0.0,0.0,51528.0,134738.0,3.0,0.0,5.0
6.534,22.159,71.307,0.0,0.0,0.0,140279808.0,22278144.0,263372800.0,3588333568.0,2144.0,15339.0,0.0,0.0,0.0,0.0,1182.0,20249.0,10.0,11.0,0.0,5.0,0.0,181.0,18.0,12.0,0.0,0.0,37785.0,120165.0,6.0,0.0,7.0
2.36,15.339,82.301,0.0,0.0,0.0,140279808.0,22278144.0,263372800.0,3588333568.0,2144.0,15350.0,0.0,0.0,0.0,0.0,2101.0,20330.0,10.0,11.0,0.0,5.0,0.0,181.0,18.0,12.0,0.0,0.0,30077.0,110804.0,1.0,0.0,12.0
1.661,16.944,81.395,0.0,0.0,0.0,140275712.0,22278144.0,263376896.0,3588333568.0,2144.0,15347.0,0.0,0.0,0.0,0.0,1182.0,18795.0,10.0,11.0,0.0,5.0,0.0,181.0,18.0,12.0,0.0,0.0,57946.0,142102.0,2.0,0.0,5.0
1.316,18.421,79.934,0.329,0.0,0.0,140017664.0,22278144.0,263376896.0,3588591616.0,2144.0,15347.0,0.0,114688.0,0.0,20.0,1188.0,20857.0,10.0,11.0,0.0,5.0,0.0,181.0,18.0,12.0,0.0,0.0,58016.0,142162.0,3.0,0.0,5.0
9.97,19.637,70.091,0.0,0.0,0.302,139735040.0,22286336.0,263376896.0,3588866048.0,2176.0,15343.0,0.0,65536.0,0.0,4.0,2067.0,19472.0,10.0,11.0,0.0,6.0,0.0,181.0,18.0,12.0,0.0,0.0,51742.0,132388.0,4.0,0.0,15.0
2.786,21.672,75.542,0.0,0.0,0.0,139747328.0,22286336.0,263380992.0,3588849664.0,2176.0,15343.0,0.0,0.0,0.0,0.0,1122.0,19826.0,10.0,11.0,0.0,6.0,0.0,181.0,18.0,12.0,0.0,0.0,58068.0,141964.0,4.0,0.0,5.0
0.958,19.489,79.553,0.0,0.0,0.0,139763712.0,22286336.0,263380992.0,3588833280.0,2176.0,15343.0,0.0,0.0,0.0,0.0,1995.0,20545.0,10.0,11.0,0.0,7.0,0.0,181.0,18.0,12.0,0.0,0.0,58598.0,143407.0,2.0,0.0,7.0
2.913,15.858,80.906,0.0,0.0,0.324,139739136.0,22286336.0,263389184.0,3588849664.0,2176.0,15343.0,0.0,0.0,0.0,0.0,1254.0,18861.0,10.0,11.0,0.0,7.0,0.0,181.0,18.0,12.0,0.0,0.0,58778.0,143763.0,3.0,0.0,5.0
1.597,19.169,79.233,0.0,0.0,0.0,139997184.0,22286336.0,263389184.0,3588591616.0,2176.0,15343.0,0.0,0.0,0.0,0.0,1866.0,20502.0,10.0,11.0,0.0,8.0,0.0,181.0,18.0,12.0,0.0,0.0,58559.0,143336.0,6.0,0.0,7.0
1.796,23.054,74.85,0.0,0.0,0.299,139984896.0,22294528.0,263393280.0,3588591616.0,2176.0,15343.0,0.0,24576.0,0.0,4.0,1188.0,19826.0,10.0,11.0,0.0,8.0,0.0,181.0,18.0,12.0,0.0,0.0,58194.0,143536.0,6.0,0.0,5.0
2.201,19.182,78.302,0.0,0.0,0.314,139726848.0,22294528.0,263393280.0,3588849664.0,2176.0,15343.0,0.0,0.0,0.0,0.0,1869.0,20926.0,10.0,11.0,0.0,9.0,0.0,181.0,18.0,12.0,0.0,0.0,57823.0,142811.0,2.0,0.0,7.0
7.53,22.59,69.578,0.0,0.0,0.301,140206080.0,22294528.0,263397376.0,3588366336.0,2176.0,15346.0,0.0,0.0,0.0,0.0,1188.0,18372.0,10.0,11.0,0.0,9.0,0.0,181.0,18.0,12.0,0.0,0.0,49911.0,133372.0,3.0,0.0,12.0
1.242,16.149,82.609,0.0,0.0,0.0,139997184.0,22294528.0,263397376.0,3588575232.0,2176.0,15346.0,0.0,0.0,0.0,0.0,1248.0,19826.0,10.0,11.0,0.0,9.0,0.0,181.0,18.0,12.0,0.0,0.0,44122.0,128540.0,2.0,0.0,5.0
2.432,23.708,73.86,0.0,0.0,0.0,140402688.0,22294528.0,263401472.0,3588165632.0,2208.0,15357.0,0.0,0.0,0.0,0.0,2071.0,19600.0,10.0,11.0,0.0,9.0,1.0,181.0,18.0,12.0,0.0,0.0,57053.0,141224.0,5.0,0.0,7.0
8.254,17.46,73.968,0.0,0.0,0.317,140877824.0,22302720.0,263401472.0,3587682304.0,2208.0,15343.0,0.0,24576.0,0.0,4.0,1314.0,20186.0,10.0,11.0,0.0,10.0,0.0,181.0,18.0,12.0,0.0,0.0,54343.0,132288.0,5.0,0.0,13.0
1.639,17.705,80.328,0.0,0.0,0.328,140902400.0,22302720.0,263401472.0,3587657728.0,2208.0,15343.0,0.0,0.0,0.0,0.0,1374.0,19826.0,10.0,11.0,0.0,10.0,0.0,181.0,18.0,12.0,0.0,0.0,57738.0,142553.0,1.0,0.0,5.0
2.02,17.172,80.808,0.0,0.0,0.0,140832768.0,22302720.0,263405568.0,3587723264.0,2208.0,15345.0,0.0,0.0,0.0,0.0,1867.0,19527.0,10.0,11.0,0.0,11.0,0.0,181.0,18.0,12.0,0.0,0.0,57205.0,140019.0,4.0,0.0,4.0
0.633,22.152,77.215,0.0,0.0,0.0,140607488.0,22302720.0,263405568.0,3587948544.0,2208.0,15343.0,0.0,0.0,0.0,0.0,1254.0,20857.0,10.0,11.0,0.0,11.0,0.0,181.0,18.0,12.0,0.0,0.0,57851.0,142296.0,5.0,0.0,3.0
2.572,20.9,76.527,0.0,0.0,0.0,140345344.0,22302720.0,263409664.0,3588206592.0,2208.0,15348.0,0.0,0.0,0.0,0.0,1436.0,19291.0,10.0,11.0,0.0,11.0,0.0,181.0,18.0,12.0,0.0,0.0,57991.0,142610.0,2.0,0.0,8.0
0.955,21.019,78.025,0.0,0.0,0.0,140591104.0,22310912.0,263413760.0,3587948544.0,2208.0,15346.0,0.0,24576.0,0.0,4.0,1188.0,20857.0,10.0,11.0,0.0,11.0,0.0,181.0,18.0,12.0,0.0,0.0,57873.0,141543.0,2.0,0.0,5.0
1.294,18.77,79.935,0.0,0.0,0.0,140070912.0,22310912.0,263417856.0,3588464640.0,2208.0,15346.0,0.0,0.0,0.0,0.0,1957.0,19617.0,10.0,11.0,0.0,12.0,0.0,181.0,18.0,12.0,0.0,0.0,58435.0,143064.0,4.0,0.0,11.0
2.54,19.048,78.413,0.0,0.0,0.0,140324864.0,22310912.0,263421952.0,3588206592.0,2208.0,15351.0,0.0,0.0,0.0,0.0,1254.0,19892.0,10.0,11.0,0.0,12.0,0.0,181.0,18.0,12.0,0.0,0.0,58237.0,142662.0,1.0,0.0,10.0
7.837,20.376,71.787,0.0,0.0,0.0,140189696.0,22310912.0,263421952.0,3588341760.0,2176.0,15340.0,0.0,0.0,0.0,0.0,1182.0,18795.0,10.0,11.0,0.0,12.0,0.0,181.0,18.0,12.0,0.0,0.0,54477.0,138719.0,3.0,0.0,7.0
1.543,16.667,81.79,0.0,0.0,0.0,140279808.0,22310912.0,263426048.0,3588247552.0,2208.0,15340.0,0.0,0.0,0.0,0.0,1188.0,19826.0,10.0,11.0,0.0,12.0,0.0,181.0,18.0,12.0,0.0,0.0,44765.0,128857.0,4.0,0.0,5.0
9.467,23.077,67.456,0.0,0.0,0.0,140013568.0,22319104.0,263426048.0,3588505600.0,2208.0,15336.0,0.0,24576.0,0.0,4.0,1891.0,21071.0,10.0,11.0,0.0,13.0,0.0,181.0,18.0,12.0,0.0,0.0,43834.0,123271.0,6.0,0.0,19.0
1.653,24.793,73.554,0.0,0.0,0.0,140042240.0,22319104.0,263430144.0,3588472832.0,2208.0,15336.0,0.0,0.0,0.0,0.0,1254.0,19403.0,10.0,11.0,0.0,13.0,0.0,181.0,18.0,12.0,0.0,0.0,43827.0,127253.0,0.0,0.0,5.0
2.241,19.048,78.431,0.0,0.0,0.28,139784192.0,22319104.0,263438336.0,3588722688.0,2208.0,15336.0,0.0,0.0,0.0,0.0,1956.0,19561.0,10.0,11.0,0.0,14.0,0.0,181.0,18.0,12.0,0.0,0.0,32165.0,114390.0,3.0,0.0,7.0
1.63,21.467,76.902,0.0,0.0,0.0,139776000.0,22319104.0,263438336.0,3588730880.0,2208.0,15331.0,0.0,0.0,0.0,0.0,1188.0,20857.0,10.0,11.0,0.0,14.0,0.0,181.0,18.0,12.0,0.0,0.0,29924.0,111594.0,2.0,0.0,5.0
1.385,21.053,77.562,0.0,0.0,0.0,140156928.0,22319104.0,263442432.0,3588345856.0,2208.0,15331.0,0.0,180224.0,0.0,14.0,1314.0,18861.0,10.0,11.0,0.0,14.0,0.0,181.0,18.0,12.0,0.0,0.0,32992.0,115392.0,0.0,0.0,5.0
2.273,20.739,76.705,0.284,0.0,0.0,139767808.0,22327296.0,263438336.0,3588730880.0,2208.0,15331.0,0.0,73728.0,0.0,4.0,1122.0,19826.0,10.0,11.0,0.0,14.0,0.0,181.0,18.0,12.0,0.0,0.0,40365.0,124520.0,4.0,0.0,5.0
1.502,23.724,74.775,0.0,0.0,0.0,140017664.0,22327296.0,263446528.0,3588472832.0,2208.0,15331.0,0.0,0.0,0.0,0.0,1957.0,19617.0,10.0,11.0,0.0,15.0,0.0,181.0,18.0,12.0,0.0,0.0,58065.0,143197.0,5.0,0.0,7.0
2.31,15.512,82.178,0.0,0.0,0.0,140238848.0,22327296.0,263450624.0,3588247552.0,2208.0,15339.0,0.0,0.0,0.0,0.0,1188.0,19826.0,10.0,11.0,0.0,15.0,0.0,181.0,18.0,12.0,0.0,0.0,56833.0,141781.0,2.0,0.0,10.0
1.846,21.231,76.923,0.0,0.0,0.0,140271616.0,22327296.0,263450624.0,3588214784.0,2208.0,15336.0,0.0,0.0,0.0,0.0,1338.0,20947.0,10.0,11.0,0.0,15.0,0.0,181.0,18.0,12.0,0.0,0.0,58093.0,143262.0,3.0,0.0,5.0
3.746,25.937,70.317,0.0,0.0,0.0,137289728.0,22327296.0,263458816.0,3591188480.0,2176.0,15318.0,0.0,0.0,0.0,0.0,1518.0,18197.0,10.0,11.0,0.0,15.0,0.0,181.0,18.0,12.0,0.0,0.0,57845.0,142681.0,8.0,0.0,5.0
13.11,22.866,64.024,0.0,0.0,0.0,140091392.0,22335488.0,263462912.0,3588374528.0,2176.0,15331.0,0.0,24576.0,0.0,4.0,1935.0,20503.0,10.0,11.0,0.0,16.0,0.0,181.0,18.0,12.0,0.0,0.0,50864.0,133198.0,6.0,0.0,17.0
3.385,19.692,76.923,0.0,0.0,0.0,140124160.0,22335488.0,263462912.0,3588341760.0,2176.0,15331.0,0.0,0.0,0.0,0.0,1368.0,20006.0,10.0,11.0,0.0,16.0,0.0,181.0,18.0,12.0,0.0,0.0,58719.0,143389.0,4.0,0.0,5.0
1.954,16.612,81.433,0.0,0.0,0.0,139829248.0,22335488.0,263467008.0,3588632576.0,2176.0,15331.0,0.0,0.0,0.0,0.0,1182.0,18795.0,10.0,11.0,0.0,16.0,0.0,181.0,18.0,12.0,0.0,0.0,58753.0,143514.0,3.0,0.0,5.0
1.303,17.59,81.107,0.0,0.0,0.0,140083200.0,22335488.0,263471104.0,3588374528.0,2176.0,15331.0,0.0,0.0,0.0,0.0,1872.0,20502.0,10.0,11.0,0.0,17.0,0.0,181.0,18.0,12.0,0.0,0.0,58782.0,143540.0,3.0,0.0,7.0
2.477,21.672,75.851,0.0,0.0,0.0,140341248.0,22335488.0,263471104.0,3588116480.0,2176.0,15334.0,0.0,0.0,0.0,0.0,1628.0,21395.0,10.0,11.0,0.0,17.0,0.0,181.0,18.0,12.0,0.0,0.0,58380.0,142542.0,3.0,0.0,8.0
1.329,15.615,83.056,0.0,0.0,0.0,140103680.0,22343680.0,263475200.0,3588341760.0,2176.0,15334.0,0.0,24576.0,0.0,4.0,1122.0,18795.0,10.0,11.0,0.0,17.0,0.0,181.0,18.0,12.0,0.0,0.0,58680.0,143282.0,4.0,0.0,5.0
1.347,14.478,84.175,0.0,0.0,0.0,139841536.0,22343680.0,263479296.0,3588599808.0,2176.0,15334.0,0.0,0.0,0.0,0.0,2066.0,21599.0,10.0,11.0,0.0,18.0,0.0,181.0,18.0,12.0,0.0,0.0,58669.0,143239.0,3.0,0.0,7.0
1.661,15.947,82.392,0.0,0.0,0.0,139620352.0,22343680.0,263483392.0,3588816896.0,2176.0,15341.0,0.0,0.0,0.0,0.0,1188.0,18861.0,10.0,11.0,0.0,18.0,0.0,181.0,18.0,12.0,0.0,0.0,58294.0,142497.0,3.0,0.0,10.0
1.613,17.742,80.645,0.0,0.0,0.0,139628544.0,22343680.0,263483392.0,3588808704.0,2176.0,15328.0,0.0,0.0,0.0,0.0,1248.0,18795.0,10.0,11.0,0.0,18.0,0.0,181.0,18.0,12.0,0.0,0.0,58772.0,143554.0,4.0,0.0,5.0
0.974,17.857,81.169,0.0,0.0,0.0,139620352.0,22343680.0,263491584.0,3588808704.0,2176.0,15328.0,0.0,0.0,0.0,0.0,1809.0,20503.0,10.0,11.0,0.0,19.0,0.0,181.0,18.0,12.0,0.0,0.0,58584.0,142952.0,3.0,0.0,7.0
7.625,19.941,72.434,0.0,0.0,0.0,141008896.0,22351872.0,263483392.0,3587420160.0,2208.0,15324.0,0.0,24576.0,0.0,4.0,1446.0,19826.0,10.0,11.0,0.0,19.0,0.0,181.0,18.0,12.0,0.0,0.0,47197.0,120798.0,4.0,0.0,13.0
7.627,21.469,70.904,0.0,0.0,0.0,140148736.0,22351872.0,263503872.0,3588259840.0,2208.0,15321.0,0.0,0.0,0.0,0.0,1242.0,17764.0,10.0,11.0,0.0,19.0,0.0,181.0,18.0,12.0,0.0,0.0,36982.0,118989.0,1.0,0.0,7.0
3.438,18.438,78.125,0.0,0.0,0.0,140156928.0,22351872.0,263503872.0,3588251648.0,2208.0,15321.0,0.0,0.0,0.0,0.0,1935.0,20503.0,10.0,11.0,0.0,20.0,0.0,181.0,18.0,12.0,0.0,0.0,55595.0,140294.0,3.0,0.0,8.0
2.424,25.152,72.424,0.0,0.0,0.0,140185600.0,22351872.0,263507968.0,3588218880.0,2208.0,15321.0,0.0,0.0,0.0,0.0,1188.0,20857.0,10.0,11.0,0.0,20.0,0.0,181.0,18.0,12.0,0.0,0.0,57185.0,140333.0,2.0,0.0,5.0
1.582,18.987,79.43,0.0,0.0,0.0,139915264.0,22351872.0,263512064.0,3588485120.0,2144.0,15317.0,0.0,0.0,0.0,0.0,1935.0,19472.0,10.0,11.0,0.0,21.0,0.0,181.0,18.0,12.0,0.0,0.0,56417.0,141140.0,4.0,0.0,11.0
2.924,17.251,79.825,0.0,0.0,0.0,139902976.0,22360064.0,263516160.0,3588485120.0,2112.0,15317.0,0.0,24576.0,0.0,4.0,1291.0,18861.0,10.0,11.0,0.0,21.0,0.0,181.0,18.0,12.0,0.0,0.0,44409.0,129167.0,6.0,0.0,5.0
1.977,20.056,77.966,0.0,0.0,0.0,140124160.0,22360064.0,263520256.0,3588259840.0,2048.0,15317.0,0.0,0.0,0.0,0.0,1935.0,21534.0,10.0,11.0,0.0,22.0,0.0,181.0,18.0,12.0,0.0,0.0,43138.0,128649.0,4.0,0.0,7.0
2.462,12.615,84.923,0.0,0.0,0.0,140075008.0,22360064.0,263520256.0,3588308992.0,1984.0,15325.0,0.0,0.0,0.0,0.0,1188.0,18795.0,10.0,11.0,0.0,22.0,0.0,181.0,18.0,12.0,0.0,0.0,44983.0,130864.0,3.0,0.0,10.0
2.023,19.364,78.613,0.0,0.0,0.0,139784192.0,22360064.0,263520256.0,3588599808.0,1952.0,15322.0,0.0,0.0,0.0,0.0,1869.0,20503.0,10.0,11.0,0.0,23.0,0.0,181.0,18.0,12.0,0.0,0.0,53561.0,141756.0,3.0,0.0,7.0
1.52,14.894,83.283,0.0,0.0,0.304,139829248.0,22360064.0,263524352.0,3588550656.0,1888.0,15322.0,0.0,0.0,0.0,0.0,1518.0,19228.0,10.0,11.0,0.0,22.0,0.0,181.0,18.0,12.0,0.0,0.0,61537.0,151988.0,5.0,0.0,5.0
8.235,14.412,77.059,0.0,0.0,0.294,139878400.0,22368256.0,263528448.0,3588489216.0,1856.0,15319.0,0.0,24576.0,0.0,4.0,1380.0,19760.0,10.0,11.0,0.0,22.0,0.0,181.0,18.0,12.0,0.0,0.0,49045.0,134238.0,5.0,0.0,13.0
4.878,19.817,75.305,0.0,0.0,0.0,140464128.0,22368256.0,263532544.0,3587899392.0,2208.0,15315.0,0.0,0.0,0.0,0.0,3389.0,21113.0,10.0,11.0,0.0,23.0,0.0,181.0,18.0,12.0,0.0,0.0,59219.0,146232.0,5.0,0.0,23.0
7.453,22.05,70.186,0.0,0.0,0.311,140713984.0,22368256.0,263540736.0,3587641344.0,2176.0,15313.0,0.0,0.0,0.0,0.0,1867.0,19527.0,10.0,11.0,0.0,24.0,0.0,181.0,18.0,12.0,0.0,0.0,51817.0,135648.0,0.0,0.0,8.0
2.0,18.0,80.0,0.0,0.0,0.0,140677120.0,22368256.0,263544832.0,3587674112.0,2176.0,15313.0,0.0,0.0,0.0,0.0,1188.0,20857.0,10.0,11.0,0.0,24.0,0.0,181.0,18.0,12.0,0.0,0.0,32719.0,115179.0,1.0,0.0,5.0
1.791,22.09,76.119,0.0,0.0,0.0,140705792.0,22368256.0,263548928.0,3587641344.0,2208.0,15322.0,0.0,0.0,0.0,0.0,1502.0,19290.0,10.0,11.0,0.0,22.0,0.0,181.0,18.0,12.0,0.0,0.0,50089.0,134217.0,2.0,0.0,8.0
1.311,16.721,81.639,0.0,0.0,0.328,140406784.0,22376448.0,263548928.0,3587932160.0,2208.0,15320.0,0.0,73728.0,0.0,12.0,1122.0,19826.0,10.0,11.0,0.0,22.0,0.0,181.0,18.0,12.0,0.0,0.0,58716.0,143517.0,1.0,0.0,5.0
1.515,22.424,75.455,0.0,0.0,0.606,140402688.0,22376448.0,263553024.0,3587932160.0,2208.0,15320.0,0.0,0.0,0.0,0.0,1999.0,20624.0,10.0,11.0,0.0,23.0,0.0,181.0,18.0,12.0,0.0,0.0,58618.0,143271.0,2.0,0.0,7.0
1.534,23.006,75.46,0.0,0.0,0.0,140730368.0,22376448.0,263557120.0,3587600384.0,2208.0,15331.0,0.0,0.0,0.0,0.0,1282.0,19045.0,10.0,11.0,0.0,23.0,0.0,181.0,18.0,12.0,0.0,0.0,58246.0,142500.0,4.0,0.0,10.0
1.27,19.365,79.365,0.0,0.0,0.0,140419072.0,22376448.0,263561216.0,3587907584.0,2176.0,15328.0,0.0,0.0,0.0,0.0,1314.0,20857.0,10.0,11.0,0.0,23.0,0.0,181.0,18.0,12.0,0.0,0.0,58625.0,143397.0,6.0,0.0,5.0
2.64,15.182,82.178,0.0,0.0,0.0,140410880.0,22376448.0,263569408.0,3587907584.0,2176.0,15328.0,0.0,0.0,0.0,0.0,1122.0,18795.0,10.0,11.0,0.0,21.0,0.0,181.0,18.0,12.0,0.0,0.0,58189.0,143480.0,2.0,0.0,5.0
7.965,21.239,70.501,0.0,0.0,0.295,140374016.0,22384640.0,263573504.0,3587932160.0,2208.0,15324.0,0.0,311296.0,0.0,14.0,1800.0,15347.0,10.0,11.0,0.0,22.0,0.0,181.0,18.0,12.0,0.0,0.0,46333.0,126105.0,0.0,0.0,16.0
1.543,18.827,79.63,0.0,0.0,0.0,140406784.0,22384640.0,263573504.0,3587899392.0,2208.0,15324.0,0.0,0.0,0.0,0.0,1188.0,19826.0,10.0,11.0,0.0,22.0,0.0,181.0,18.0,12.0,0.0,0.0,51108.0,135216.0,1.0,0.0,5.0
2.222,18.413,79.365,0.0,0.0,0.0,140398592.0,22384640.0,263581696.0,3587899392.0,2208.0,15324.0,0.0,0.0,0.0,0.0,1182.0,18795.0,10.0,11.0,0.0,22.0,0.0,181.0,18.0,12.0,0.0,0.0,58674.0,143433.0,2.0,0.0,5.0
6.854,20.561,72.274,0.0,0.0,0.312,140660736.0,22384640.0,263585792.0,3587633152.0,2208.0,15316.0,0.0,0.0,0.0,0.0,1873.0,20558.0,10.0,11.0,0.0,23.0,0.0,181.0,18.0,12.0,0.0,0.0,56960.0,140568.0,8.0,0.0,9.0
2.967,19.288,77.448,0.0,0.0,0.297,140099584.0,22384640.0,263589888.0,3588190208.0,2176.0,15321.0,0.0,0.0,0.0,0.0,1248.0,18795.0,10.0,11.0,0.0,21.0,0.0,181.0,18.0,12.0,0.0,0.0,44578.0,127389.0,3.0,0.0,5.0
1.543,21.605,76.543,0.0,0.0,0.309,140087296.0,22392832.0,263593984.0,3588190208.0,2208.0,15321.0,0.0,65536.0,0.0,4.0,1809.0,20503.0,10.0,11.0,0.0,22.0,0.0,181.0,18.0,12.0,0.0,0.0,53773.0,138139.0,2.0,0.0,7.0
1.954,18.241,79.805,0.0,0.0,0.0,140115968.0,22392832.0,263598080.0,3588157440.0,2208.0,15321.0,0.0,0.0,0.0,0.0,1248.0,19826.0,10.0,11.0,0.0,22.0,0.0,181.0,18.0,12.0,0.0,0.0,57953.0,141953.0,4.0,0.0,5.0
1.791,25.373,72.537,0.0,0.0,0.299,140115968.0,22392832.0,263598080.0,3588157440.0,2208.0,15330.0,0.0,0.0,0.0,0.0,1248.0,20899.0,10.0,11.0,0.0,22.0,0.0,181.0,18.0,12.0,0.0,0.0,57686.0,140810.0,5.0,0.0,9.0
2.326,25.0,72.384,0.0,0.0,0.291,140111872.0,22392832.0,263602176.0,3588157440.0,2208.0,15329.0,0.0,0.0,0.0,0.0,1248.0,18795.0,10.0,11.0,0.0,22.0,0.0,181.0,18.0,12.0,0.0,0.0,58547.0,142964.0,4.0,0.0,6.0
1.231,21.846,76.923,0.0,0.0,0.0,139833344.0,22392832.0,263606272.0,3588431872.0,2176.0,15320.0,0.0,0.0,0.0,0.0,2205.0,19905.0,10.0,11.0,0.0,21.0,0.0,181.0,18.0,12.0,0.0,0.0,58651.0,143238.0,3.0,0.0,7.0
7.977,25.926,66.097,0.0,0.0,0.0,139272192.0,22401024.0,263610368.0,3588980736.0,2176.0,15317.0,0.0,24576.0,0.0,4.0,1116.0,15702.0,10.0,11.0,0.0,21.0,0.0,181.0,18.0,12.0,0.0,0.0,54690.0,135240.0,4.0,0.0,13.0
1.802,22.823,75.375,0.0,0.0,0.0,139558912.0,22401024.0,263614464.0,3588689920.0,2176.0,15317.0,0.0,0.0,0.0,0.0,1440.0,19826.0,10.0,11.0,0.0,21.0,0.0,181.0,18.0,12.0,0.0,0.0,58509.0,143022.0,4.0,0.0,5.0
0.943,20.44,78.616,0.0,0.0,0.0,139300864.0,22401024.0,263614464.0,3588947968.0,2144.0,15317.0,0.0,0.0,0.0,0.0,1935.0,19472.0,10.0,11.0,0.0,22.0,0.0,181.0,18.0,12.0,0.0,0.0,58146.0,142288.0,5.0,0.0,7.0
0.901,23.423,75.375,0.0,0.0,0.3,139522048.0,22401024.0,263618560.0,3588722688.0,2144.0,15317.0,0.0,0.0,0.0,0.0,1122.0,19826.0,10.0,11.0,0.0,22.0,0.0,181.0,18.0,12.0,0.0,0.0,58193.0,142441.0,5.0,0.0,5.0
2.229,19.427,78.344,0.0,0.0,0.0,139292672.0,22401024.0,263622656.0,3588947968.0,2144.0,15321.0,0.0,0.0,0.0,0.0,1502.0,20322.0,10.0,11.0,0.0,20.0,0.0,181.0,18.0,12.0,0.0,0.0,58188.0,142436.0,4.0,0.0,8.0
8.563,18.349,72.477,0.306,0.0,0.306,138993664.0,22409216.0,263630848.0,3589230592.0,2176.0,15318.0,0.0,212992.0,0.0,24.0,1122.0,20249.0,10.0,11.0,0.0,20.0,0.0,181.0,18.0,12.0,0.0,0.0,48387.0,131333.0,7.0,0.0,8.0
0.971,17.799,80.906,0.0,0.0,0.324,138731520.0,22409216.0,263634944.0,3589488640.0,2176.0,15318.0,0.0,0.0,0.0,0.0,2233.0,20211.0,10.0,11.0,0.0,21.0,0.0,181.0,18.0,12.0,0.0,0.0,58160.0,142420.0,4.0,0.0,7.0
2.096,23.054,74.85,0.0,0.0,0.0,139030528.0,22409216.0,263634944.0,3589189632.0,2176.0,15318.0,0.0,0.0,0.0,0.0,1122.0,18795.0,10.0,11.0,0.0,21.0,0.0,181.0,18.0,12.0,0.0,0.0,58204.0,142451.0,4.0,0.0,6.0
3.374,20.859,75.767,0.0,0.0,0.0,138780672.0,22409216.0,263643136.0,3589431296.0,2176.0,15328.0,0.0,0.0,0.0,0.0,2001.0,21600.0,10.0,11.0,0.0,22.0,0.0,181.0,18.0,12.0,0.0,0.0,57702.0,141415.0,5.0,0.0,12.0
2.5,19.375,78.125,0.0,0.0,0.0,139018240.0,22409216.0,263647232.0,3589189632.0,2176.0,15328.0,0.0,0.0,0.0,0.0,1122.0,18795.0,10.0,11.0,0.0,21.0,0.0,181.0,18.0,12.0,0.0,0.0,58134.0,142358.0,6.0,0.0,5.0
7.188,18.125,74.688,0.0,0.0,0.0,140034048.0,22417408.0,263647232.0,3588165632.0,2208.0,15324.0,0.0,81920.0,0.0,4.0,1116.0,14671.0,10.0,11.0,0.0,21.0,0.0,181.0,18.0,12.0,0.0,0.0,54599.0,129048.0,4.0,0.0,13.0
1.543,21.296,77.16,0.0,0.0,0.0,139784192.0,22417408.0,263655424.0,3588407296.0,2208.0,15324.0,0.0,0.0,0.0,0.0,1875.0,20503.0,10.0,11.0,0.0,22.0,0.0,181.0,18.0,12.0,0.0,0.0,58158.0,142392.0,5.0,0.0,7.0
2.121,21.818,76.061,0.0,0.0,0.0,139792384.0,22417408.0,263655424.0,3588399104.0,2208.0,15324.0,0.0,0.0,0.0,0.0,1248.0,19826.0,10.0,11.0,0.0,22.0,0.0,181.0,18.0,12.0,0.0,0.0,58713.0,143771.0,1.0,0.0,5.0
0.917,22.018,76.758,0.0,0.0,0.306,139485184.0,22417408.0,263655424.0,3588706304.0,2208.0,15324.0,0.0,0.0,0.0,0.0,1357.0,20923.0,10.0,11.0,0.0,22.0,0.0,181.0,18.0,12.0,0.0,0.0,58100.0,142193.0,5.0,0.0,0.0
1.212,22.727,76.061,0.0,0.0,0.0,139898880.0,22417408.0,263659520.0,3588288512.0,2208.0,15324.0,0.0,0.0,0.0,0.0,1507.0,18951.0,10.0,11.0,0.0,20.0,0.0,181.0,18.0,12.0,0.0,0.0,58154.0,142404.0,4.0,0.0,5.0
2.215,18.671,79.114,0.0,0.0,0.0,139497472.0,22425600.0,263667712.0,3588673536.0,2208.0,15324.0,0.0,24576.0,0.0,4.0,1807.0,19527.0,10.0,11.0,0.0,21.0,0.0,181.0,18.0,12.0,0.0,0.0,58092.0,142241.0,5.0,0.0,7.0
8.333,19.444,71.914,0.0,0.0,0.309,140009472.0,22425600.0,263671808.0,3588157440.0,2208.0,15322.0,0.0,0.0,0.0,0.0,1248.0,20857.0,10.0,11.0,0.0,21.0,0.0,181.0,18.0,12.0,0.0,0.0,51912.0,135379.0,6.0,0.0,7.0
2.606,17.59,79.805,0.0,0.0,0.0,140005376.0,22425600.0,263675904.0,3588157440.0,2208.0,15322.0,0.0,0.0,0.0,0.0,1278.0,18885.0,10.0,11.0,0.0,21.0,0.0,181.0,18.0,12.0,0.0,0.0,57569.0,142132.0,5.0,0.0,5.0
2.542,24.576,72.881,0.0,0.0,0.0,140009472.0,22425600.0,263680000.0,3588149248.0,2208.0,15327.0,0.0,0.0,0.0,0.0,1182.0,19826.0,10.0,11.0,0.0,21.0,0.0,181.0,18.0,12.0,0.0,0.0,43660.0,126292.0,5.0,0.0,12.0
1.187,18.991,79.228,0.0,0.0,0.593,140128256.0,22425600.0,263680000.0,3588030464.0,2208.0,15327.0,0.0,0.0,0.0,0.0,2295.0,20960.0,10.0,11.0,0.0,22.0,0.0,181.0,18.0,12.0,0.0,0.0,43138.0,126362.0,4.0,0.0,7.0
8.723,17.757,73.52,0.0,0.0,0.0,140632064.0,22433792.0,263684096.0,3587514368.0,2240.0,15324.0,0.0,24576.0,0.0,4.0,1446.0,18861.0,10.0,11.0,0.0,21.0,0.0,181.0,18.0,12.0,0.0,0.0,50791.0,131380.0,4.0,0.0,13.0
2.201,21.069,76.73,0.0,0.0,0.0,140369920.0,22433792.0,263688192.0,3587772416.0,2240.0,15324.0,0.0,0.0,0.0,0.0,1872.0,21533.0,10.0,11.0,0.0,22.0,0.0,181.0,18.0,12.0,0.0,0.0,57469.0,141745.0,4.0,0.0,7.0
2.295,19.016,78.689,0.0,0.0,0.0,139689984.0,22433792.0,263692288.0,3588448256.0,2240.0,15324.0,0.0,0.0,0.0,0.0,1272.0,18885.0,10.0,11.0,0.0,22.0,0.0,181.0,18.0,12.0,0.0,0.0,56822.0,140154.0,5.0,0.0,5.0
1.749,23.324,74.927,0.0,0.0,0.0,139685888.0,22433792.0,263696384.0,3588448256.0,2240.0,15324.0,0.0,0.0,0.0,0.0,1939.0,20660.0,10.0,11.0,0.0,23.0,0.0,181.0,18.0,12.0,0.0,0.0,45837.0,128945.0,4.0,0.0,7.0
1.502,19.52,78.979,0.0,0.0,0.0,139702272.0,22433792.0,263696384.0,3588431872.0,2240.0,15331.0,0.0,0.0,0.0,0.0,1526.0,19381.0,10.0,11.0,0.0,23.0,0.0,181.0,18.0,12.0,0.0,0.0,43492.0,127452.0,2.0,0.0,8.0
2.367,19.231,78.402,0.0,0.0,0.0,139833344.0,22441984.0,263700480.0,3588288512.0,2240.0,15329.0,0.0,24576.0,0.0,4.0,1941.0,20605.0,10.0,11.0,0.0,22.0,0.0,181.0,18.0,12.0,0.0,0.0,43632.0,127608.0,2.0,0.0,7.0
7.375,19.764,72.566,0.295,0.0,0.0,146292736.0,22441984.0,263999488.0,3581530112.0,2240.0,15340.0,589824.0,0.0,16.0,0.0,1416.0,19994.0,10.0,11.0,0.0,22.0,0.0,182.0,18.0,12.0,0.0,0.0,38589.0,122120.0,6.0,0.0,8.0
11.485,24.09,64.146,0.28,0.0,0.0,147369984.0,22581248.0,265113600.0,3579199488.0,2240.0,15365.0,2416640.0,0.0,30.0,0.0,1938.0,20604.0,10.0,11.0,0.0,23.0,0.0,182.0,18.0,12.0,0.0,0.0,36690.0,115883.0,4.0,0.0,21.0
7.357,24.796,67.302,0.0,0.0,0.545,148623360.0,22581248.0,265244672.0,3577815040.0,2240.0,15376.0,319488.0,0.0,12.0,0.0,1548.0,36543.0,10.0,11.0,0.0,23.0,0.0,182.0,18.0,12.0,0.0,0.0,43628.0,125311.0,5.0,0.0,10.0
1.603,13.141,85.256,0.0,0.0,0.0,146812928.0,22581248.0,265248768.0,3579621376.0,2240.0,15376.0,0.0,0.0,0.0,0.0,1965.0,24247.0,10.0,11.0,0.0,24.0,0.0,182.0,18.0,12.0,0.0,0.0,44240.0,127537.0,3.0,0.0,7.0
8.025,19.753,71.914,0.309,0.0,0.0,146231296.0,22589440.0,265297920.0,3580145664.0,2240.0,15361.0,98304.0,24576.0,4.0,4.0,192.0,1031.0,10.0,11.0,0.0,22.0,0.0,181.0,18.0,12.0,0.0,0.0,50755.0,130745.0,2.0,0.0,17.0
2.065,23.599,74.336,0.0,0.0,0.0,146251776.0,22589440.0,265302016.0,3580121088.0,2240.0,15357.0,0.0,0.0,0.0,0.0,186.0,0.0,10.0,11.0,0.0,22.0,0.0,181.0,18.0,12.0,0.0,0.0,58785.0,144502.0,4.0,0.0,5.0
2.16,18.827,79.012,0.0,0.0,0.0,145989632.0,22589440.0,265306112.0,3580379136.0,2176.0,15357.0,0.0,0.0,0.0,0.0,60.0,0.0,10.0,11.0,0.0,22.0,0.0,181.0,18.0,12.0,0.0,0.0,59171.0,145729.0,3.0,0.0,9.0
1.242,16.46,82.298,0.0,0.0,0.0,145711104.0,22589440.0,265310208.0,3580653568.0,2112.0,15357.0,0.0,0.0,0.0,0.0,314.0,222.0,10.0,11.0,0.0,22.0,0.0,181.0,18.0,12.0,0.0,0.0,53768.0,134413.0,3.0,0.0,13.0
1.76,17.302,80.938,0.0,0.0,0.0,146006016.0,22589440.0,265314304.0,3580354560.0,2080.0,15357.0,0.0,0.0,0.0,0.0,374.0,180.0,10.0,11.0,0.0,22.0,0.0,181.0,18.0,12.0,0.0,0.0,51924.0,124732.0,3.0,0.0,14.0
13.441,10.753,75.806,0.0,0.0,0.0,135843840.0,22622208.0,265347072.0,3590451200.0,1888.0,15300.0,114688.0,24576.0,18.0,4.0,27319.0,3144.0,10.0,10.0,0.0,21.0,2.0,176.0,19.0,12.0,0.0,0.0,27043.0,59377.0,1.0,0.0,22.0
24.06,2.005,73.935,0.0,0.0,0.0,143372288.0,22622208.0,265351168.0,3582918656.0,1824.0,15319.0,0.0,245760.0,0.0,8.0,1107.0,4216.0,10.0,10.0,0.0,21.0,2.0,176.0,19.0,12.0,0.0,0.0,704.0,930.0,1.0,0.0,15.0
4.822,6.599,88.579,0.0,0.0,0.0,137756672.0,22622208.0,265355264.0,3588530176.0,1824.0,15336.0,0.0,0.0,0.0,0.0,1531.0,2536.0,10.0,11.0,0.0,21.0,2.0,183.0,20.0,12.0,0.0,0.0,2427.0,4245.0,6.0,0.0,45.0
5.994,20.189,73.817,0.0,0.0,0.0,135962624.0,22622208.0,265363456.0,3590316032.0,2144.0,15329.0,0.0,0.0,0.0,0.0,6628.0,22015.0,10.0,11.0,0.0,22.0,2.0,183.0,20.0,12.0,0.0,0.0,58124.0,138422.0,6.0,0.0,14.0
3.768,27.246,68.986,0.0,0.0,0.0,138174464.0,22622208.0,265367552.0,3588100096.0,2208.0,15345.0,0.0,0.0,0.0,0.0,1230.0,18738.0,10.0,11.0,0.0,22.0,2.0,183.0,20.0,12.0,0.0,0.0,45531.0,127118.0,1.0,0.0,7.0
8.459,20.242,71.299,0.0,0.0,0.0,138256384.0,22630400.0,265371648.0,3588005888.0,2208.0,15342.0,0.0,73728.0,0.0,4.0,1340.0,19679.0,10.0,11.0,0.0,20.0,2.0,183.0,20.0,12.0,0.0,0.0,51593.0,132221.0,3.0,0.0,13.0
1.223,24.159,74.618,0.0,0.0,0.0,138289152.0,22630400.0,265371648.0,3587973120.0,2208.0,15342.0,0.0,65536.0,0.0,16.0,1116.0,19679.0,10.0,11.0,0.0,20.0,2.0,183.0,20.0,12.0,0.0,0.0,58161.0,142493.0,3.0,0.0,5.0
1.923,21.154,76.923,0.0,0.0,0.0,138285056.0,22630400.0,265375744.0,3587973120.0,2208.0,15342.0,0.0,0.0,0.0,0.0,1050.0,18558.0,10.0,11.0,0.0,20.0,2.0,183.0,20.0,12.0,0.0,0.0,57372.0,140834.0,1.0,0.0,5.0
0.621,21.739,77.64,0.0,0.0,0.0,138280960.0,22630400.0,265379840.0,3587973120.0,2208.0,15342.0,0.0,0.0,0.0,0.0,1182.0,20620.0,10.0,11.0,0.0,20.0,2.0,183.0,20.0,12.0,0.0,0.0,58641.0,143505.0,1.0,0.0,5.0
3.003,23.724,73.273,0.0,0.0,0.0,138301440.0,22630400.0,265383936.0,3587948544.0,2208.0,15367.0,0.0,0.0,0.0,0.0,1364.0,19053.0,10.0,11.0,0.0,20.0,2.0,183.0,20.0,12.0,0.0,0.0,58705.0,143348.0,1.0,0.0,8.0
1.852,20.988,77.16,0.0,0.0,0.0,138313728.0,22638592.0,265388032.0,3587923968.0,2208.0,15367.0,0.0,24576.0,0.0,4.0,1050.0,19589.0,10.0,11.0,0.0,18.0,2.0,183.0,20.0,12.0,0.0,0.0,58699.0,143594.0,1.0,0.0,5.0
0.847,28.531,70.621,0.0,0.0,0.0,138285056.0,22638592.0,265392128.0,3587948544.0,2208.0,15367.0,0.0,0.0,0.0,0.0,1176.0,19589.0,10.0,11.0,0.0,18.0,2.0,183.0,20.0,12.0,0.0,0.0,58810.0,143777.0,3.0,0.0,5.0
2.121,22.424,75.455,0.0,0.0,0.0,138555392.0,22638592.0,265396224.0,3587674112.0,2208.0,15367.0,0.0,0.0,0.0,0.0,1182.0,18558.0,10.0,11.0,0.0,18.0,2.0,183.0,20.0,12.0,0.0,0.0,58899.0,144012.0,1.0,0.0,5.0
2.624,25.364,71.72,0.0,0.0,0.292,138268672.0,22638592.0,265400320.0,3587956736.0,2208.0,15378.0,0.0,0.0,0.0,0.0,1250.0,19589.0,10.0,13.0,0.0,18.0,2.0,185.0,22.0,12.0,0.0,0.0,58099.0,142224.0,2.0,0.0,10.0
1.506,23.494,75.0,0.0,0.0,0.0,138248192.0,22638592.0,265404416.0,3587973120.0,2208.0,15378.0,0.0,0.0,0.0,0.0,1122.0,19589.0,10.0,13.0,0.0,18.0,2.0,185.0,22.0,12.0,0.0,0.0,58675.0,143519.0,4.0,0.0,5.0
14.199,20.544,64.955,0.302,0.0,0.0,139059200.0,22646784.0,265408512.0,3587149824.0,2176.0,15371.0,0.0,24576.0,0.0,4.0,1248.0,18492.0,10.0,13.0,0.0,16.0,2.0,185.0,22.0,12.0,0.0,0.0,46804.0,125476.0,4.0,0.0,15.0
1.458,25.656,72.886,0.0,0.0,0.0,138989568.0,22646784.0,265412608.0,3587215360.0,2176.0,15376.0,0.0,32768.0,0.0,6.0,1212.0,20710.0,10.0,13.0,0.0,16.0,2.0,185.0,22.0,12.0,0.0,0.0,58536.0,144820.0,4.0,0.0,4.0
1.543,24.691,73.765,0.0,0.0,0.0,139018240.0,22646784.0,265416704.0,3587182592.0,2176.0,15371.0,0.0,0.0,0.0,0.0,1230.0,18738.0,10.0,13.0,0.0,16.0,2.0,185.0,22.0,12.0,0.0,0.0,56911.0,140292.0,6.0,0.0,5.0
4.046,25.723,70.231,0.0,0.0,0.0,139018240.0,22646784.0,265416704.0,3587182592.0,2208.0,15371.0,0.0,0.0,0.0,0.0,1236.0,20800.0,10.0,13.0,0.0,16.0,2.0,185.0,22.0,12.0,0.0,0.0,57452.0,141793.0,3.0,0.0,9.0
1.667,17.0,81.333,0.0,0.0,0.0,138768384.0,22646784.0,265416704.0,3587432448.0,2176.0,15279.0,0.0,0.0,0.0,0.0,1571.0,18900.0,10.0,12.0,0.0,16.0,3.0,178.0,22.0,10.0,0.0,0.0,57911.0,142099.0,3.0,0.0,6.0
1.852,23.148,75.0,0.0,0.0,0.0,138760192.0,22654976.0,265420800.0,3587428352.0,2176.0,15279.0,0.0,49152.0,0.0,4.0,1386.0,19859.0,10.0,12.0,0.0,14.0,3.0,178.0,22.0,10.0,0.0,0.0,57860.0,142154.0,4.0,0.0,9.0
2.154,19.385,78.462,0.0,0.0,0.0,139132928.0,22654976.0,265428992.0,3587047424.0,2176.0,15366.0,0.0,188416.0,0.0,8.0,7280.0,20450.0,10.0,13.0,0.0,14.0,3.0,186.0,23.0,12.0,0.0,0.0,43738.0,126881.0,1.0,0.0,12.0
1.22,17.378,81.402,0.0,0.0,0.0,139132928.0,22654976.0,265428992.0,3587047424.0,2176.0,15366.0,0.0,0.0,0.0,0.0,1618.0,20021.0,10.0,13.0,0.0,14.0,3.0,186.0,23.0,12.0,0.0,0.0,43273.0,127302.0,3.0,0.0,9.0
1.246,21.807,76.947,0.0,0.0,0.0,138870784.0,22654976.0,265433088.0,3587305472.0,2176.0,15366.0,0.0,0.0,0.0,0.0,1507.0,21013.0,10.0,13.0,0.0,14.0,3.0,186.0,23.0,12.0,0.0,0.0,55123.0,139363.0,4.0,0.0,5.0
2.557,24.716,72.727,0.0,0.0,0.0,139124736.0,22654976.0,265437184.0,3587047424.0,2176.0,15366.0,0.0,0.0,0.0,0.0,1698.0,19245.0,10.0,13.0,0.0,14.0,3.0,186.0,23.0,12.0,0.0,0.0,45274.0,129150.0,3.0,0.0,9.0
7.645,20.183,72.171,0.0,0.0,0.0,139210752.0,22663168.0,265441280.0,3586949120.0,2208.0,15366.0,0.0,73728.0,0.0,4.0,2057.0,19227.0,10.0,13.0,0.0,14.0,3.0,186.0,23.0,12.0,0.0,0.0,53614.0,128939.0,6.0,0.0,17.0
6.785,27.139,66.077,0.0,0.0,0.0,139624448.0,22663168.0,265445376.0,3586531328.0,2176.0,15361.0,0.0,0.0,0.0,0.0,1728.0,20276.0,10.0,13.0,0.0,13.0,3.0,186.0,23.0,12.0,0.0,0.0,57004.0,141330.0,5.0,0.0,7.0
2.454,25.153,72.086,0.0,0.0,0.307,139231232.0,22663168.0,265449472.0,3586920448.0,2208.0,15366.0,0.0,0.0,0.0,0.0,1608.0,20186.0,10.0,13.0,0.0,13.0,3.0,186.0,23.0,12.0,0.0,0.0,57596.0,142691.0,2.0,0.0,13.0
1.76,17.595,80.645,0.0,0.0,0.0,139227136.0,22663168.0,265453568.0,3586920448.0,2208.0,15366.0,0.0,0.0,0.0,0.0,1818.0,19425.0,10.0,13.0,0.0,13.0,3.0,186.0,23.0,12.0,0.0,0.0,33529.0,115117.0,3.0,0.0,5.0
3.049,15.549,81.402,0.0,0.0,0.0,139223040.0,22663168.0,265457664.0,3586920448.0,2208.0,15371.0,0.0,0.0,0.0,0.0,2140.0,20953.0,10.0,13.0,0.0,13.0,3.0,186.0,23.0,12.0,0.0,0.0,39313.0,121627.0,4.0,0.0,12.0
2.36,15.634,82.006,0.0,0.0,0.0,139177984.0,22671360.0,265461760.0,3586953216.0,2208.0,15369.0,0.0,24576.0,0.0,4.0,1368.0,20096.0,10.0,13.0,0.0,13.0,3.0,186.0,23.0,12.0,0.0,0.0,34031.0,116750.0,4.0,0.0,5.0
1.22,18.293,80.488,0.0,0.0,0.0,139206656.0,22671360.0,265465856.0,3586920448.0,2208.0,15369.0,0.0,0.0,0.0,0.0,1452.0,20609.0,10.0,13.0,0.0,12.0,3.0,186.0,23.0,12.0,0.0,0.0,41883.0,123844.0,0.0,0.0,5.0
2.053,19.941,78.006,0.0,0.0,0.0,139202560.0,22671360.0,265469952.0,3586920448.0,2208.0,15369.0,0.0,122880.0,0.0,10.0,1590.0,19673.0,10.0,13.0,0.0,12.0,3.0,186.0,23.0,12.0,0.0,0.0,43623.0,126770.0,2.0,0.0,5.0
1.567,17.868,80.564,0.0,0.0,0.0,139202560.0,22671360.0,265469952.0,3586920448.0,2208.0,15369.0,0.0,0.0,0.0,0.0,1602.0,19155.0,10.0,13.0,0.0,12.0,3.0,186.0,23.0,12.0,0.0,0.0,52549.0,136209.0,3.0,0.0,5.0
1.187,24.629,74.184,0.0,0.0,0.0,139165696.0,22671360.0,265474048.0,3586953216.0,2208.0,15369.0,0.0,0.0,0.0,0.0,1404.0,20947.0,10.0,13.0,0.0,12.0,3.0,186.0,23.0,12.0,0.0,0.0,58713.0,142901.0,2.0,0.0,5.0
8.85,22.714,68.437,0.0,0.0,0.0,139829248.0,22679552.0,265478144.0,3586277376.0,2208.0,15367.0,0.0,73728.0,0.0,4.0,1572.0,15031.0,10.0,13.0,0.0,12.0,3.0,186.0,23.0,12.0,0.0,0.0,54579.0,136071.0,2.0,0.0,13.0
2.312,25.434,72.254,0.0,0.0,0.0,139796480.0,22679552.0,265478144.0,3586310144.0,2208.0,15367.0,0.0,0.0,0.0,0.0,1314.0,19826.0,10.0,13.0,0.0,10.0,3.0,186.0,23.0,12.0,0.0,0.0,58186.0,143478.0,3.0,0.0,5.0
1.393,29.248,69.359,0.0,0.0,0.0,139792384.0,22679552.0,265482240.0,3586310144.0,2208.0,15367.0,0.0,73728.0,0.0,12.0,1512.0,19065.0,10.0,13.0,0.0,10.0,3.0,186.0,23.0,12.0,0.0,0.0,58177.0,143314.0,2.0,0.0,5.0
6.916,23.919,69.164,0.0,0.0,0.0,140042240.0,22679552.0,265490432.0,3586052096.0,2208.0,15366.0,0.0,0.0,0.0,0.0,1188.0,19826.0,10.0,13.0,0.0,10.0,3.0,186.0,23.0,12.0,0.0,0.0,45226.0,128470.0,0.0,0.0,7.0
2.186,25.137,72.678,0.0,0.0,0.0,140075008.0,22679552.0,265490432.0,3586019328.0,2208.0,15366.0,0.0,0.0,0.0,0.0,1272.0,20339.0,10.0,13.0,0.0,10.0,3.0,186.0,23.0,12.0,0.0,0.0,43829.0,127471.0,1.0,0.0,5.0
2.647,19.118,78.235,0.0,0.0,0.0,140161024.0,22687744.0,265494528.0,3585921024.0,2208.0,15366.0,0.0,49152.0,0.0,4.0,1254.0,19403.0,10.0,13.0,0.0,10.0,3.0,186.0,23.0,12.0,0.0,0.0,43804.0,127618.0,1.0,0.0,5.0
1.429,22.857,75.714,0.0,0.0,0.0,140042240.0,22687744.0,265494528.0,3586039808.0,2208.0,15366.0,0.0,0.0,0.0,0.0,1415.0,19061.0,10.0,13.0,0.0,8.0,3.0,186.0,23.0,12.0,0.0,0.0,43526.0,128395.0,3.0,0.0,5.0
3.134,22.792,74.074,0.0,0.0,0.0,139931648.0,22687744.0,265498624.0,3586146304.0,2208.0,15366.0,0.0,81920.0,0.0,10.0,1248.0,20857.0,10.0,13.0,0.0,8.0,3.0,186.0,23.0,12.0,0.0,0.0,49047.0,133282.0,2.0,0.0,5.0
1.852,20.988,76.852,0.0,0.0,0.309,139669504.0,22687744.0,265502720.0,3586404352.0,2208.0,15366.0,0.0,0.0,0.0,0.0,1339.0,18896.0,10.0,13.0,0.0,8.0,3.0,186.0,23.0,12.0,0.0,0.0,58138.0,143491.0,5.0,0.0,5.0
0.99,16.172,82.838,0.0,0.0,0.0,139927552.0,22687744.0,265502720.0,3586146304.0,2208.0,15366.0,0.0,0.0,0.0,0.0,1248.0,19826.0,10.0,13.0,0.0,8.0,3.0,186.0,23.0,12.0,0.0,0.0,58119.0,143525.0,7.0,0.0,5.0
7.849,20.349,71.221,0.291,0.0,0.291,139366400.0,22695936.0,265506816.0,3586695168.0,2208.0,15366.0,0.0,65536.0,0.0,4.0,1446.0,19826.0,10.0,13.0,0.0,8.0,3.0,186.0,23.0,12.0,0.0,0.0,46504.0,120528.0,2.0,0.0,13.0
1.567,19.436,78.997,0.0,0.0,0.0,139395072.0,22695936.0,265510912.0,3586662400.0,2208.0,15366.0,0.0,0.0,0.0,0.0,1334.0,18957.0,10.0,13.0,0.0,6.0,3.0,186.0,23.0,12.0,0.0,0.0,57123.0,142217.0,2.0,0.0,5.0
1.613,17.419,80.968,0.0,0.0,0.0,139362304.0,22695936.0,265510912.0,3586695168.0,2208.0,15366.0,0.0,65536.0,0.0,10.0,1242.0,18795.0,10.0,13.0,0.0,6.0,3.0,186.0,23.0,12.0,0.0,0.0,58157.0,143438.0,5.0,0.0,5.0
2.484,19.565,77.64,0.0,0.0,0.311,139386880.0,22695936.0,265519104.0,3586662400.0,2208.0,15366.0,0.0,0.0,0.0,0.0,1248.0,20857.0,10.0,13.0,0.0,6.0,3.0,186.0,23.0,12.0,0.0,0.0,58168.0,143375.0,2.0,0.0,5.0
7.903,22.188,68.997,0.0,0.0,0.912,139747328.0,22695936.0,265523200.0,3586297856.0,2176.0,15369.0,0.0,0.0,0.0,0.0,1502.0,19292.0,10.0,13.0,0.0,6.0,3.0,186.0,23.0,12.0,0.0,0.0,51447.0,135121.0,2.0,0.0,10.0
1.173,20.235,78.592,0.0,0.0,0.0,139649024.0,22704128.0,265523200.0,3586387968.0,2176.0,15369.0,0.0,49152.0,0.0,4.0,1122.0,18795.0,10.0,13.0,0.0,6.0,3.0,186.0,23.0,12.0,0.0,0.0,40659.0,125181.0,7.0,0.0,5.0
0.882,20.0,78.824,0.0,0.0,0.294,139853824.0,22704128.0,265527296.0,3586179072.0,2208.0,15364.0,0.0,0.0,0.0,0.0,1326.0,20857.0,10.0,13.0,0.0,4.0,3.0,186.0,23.0,12.0,0.0,0.0,43032.0,126966.0,3.0,0.0,5.0
3.226,18.475,78.299,0.0,0.0,0.0,139886592.0,22704128.0,265527296.0,3586146304.0,2208.0,15364.0,0.0,73728.0,0.0,10.0,1122.0,18795.0,10.0,13.0,0.0,4.0,3.0,186.0,23.0,12.0,0.0,0.0,43524.0,127743.0,0.0,0.0,5.0
1.754,23.099,75.146,0.0,0.0,0.0,139616256.0,22704128.0,265531392.0,3586412544.0,2176.0,15360.0,0.0,0.0,0.0,0.0,1386.0,18795.0,10.0,13.0,0.0,4.0,3.0,186.0,23.0,12.0,0.0,0.0,58372.0,144623.0,5.0,0.0,5.0
3.429,23.143,73.429,0.0,0.0,0.0,139616256.0,22704128.0,265531392.0,3586412544.0,2112.0,15360.0,0.0,0.0,0.0,0.0,1182.0,19826.0,10.0,13.0,0.0,4.0,3.0,186.0,23.0,12.0,0.0,0.0,59131.0,145567.0,6.0,0.0,5.0
7.988,20.414,71.598,0.0,0.0,0.0,139321344.0,22712320.0,265535488.0,3586695168.0,2080.0,15358.0,0.0,81920.0,0.0,4.0,1242.0,15702.0,10.0,13.0,0.0,4.0,3.0,186.0,23.0,12.0,0.0,0.0,55683.0,138572.0,3.0,0.0,13.0
2.174,15.839,81.988,0.0,0.0,0.0,139337728.0,22712320.0,265535488.0,3586678784.0,2016.0,15358.0,0.0,0.0,0.0,0.0,1526.0,19958.0,10.0,13.0,0.0,2.0,3.0,186.0,23.0,12.0,0.0,0.0,60055.0,148027.0,5.0,0.0,5.0
1.404,18.82,79.775,0.0,0.0,0.0,139165696.0,22712320.0,265539584.0,3586846720.0,1984.0,15358.0,0.0,81920.0,0.0,16.0,1434.0,19826.0,10.0,13.0,0.0,2.0,3.0,186.0,23.0,12.0,0.0,0.0,63017.0,155128.0,5.0,0.0,5.0
1.994,17.094,80.627,0.0,0.0,0.285,139042816.0,22712320.0,265539584.0,3586969600.0,1952.0,15359.0,0.0,0.0,0.0,0.0,1188.0,19826.0,10.0,13.0,0.0,2.0,3.0,186.0,23.0,12.0,0.0,0.0,63103.0,155394.0,2.0,0.0,4.0
2.083,13.393,84.524,0.0,0.0,0.0,139038720.0,22712320.0,265543680.0,3586969600.0,1920.0,15358.0,0.0,0.0,0.0,0.0,1182.0,18795.0,10.0,13.0,0.0,2.0,3.0,186.0,23.0,12.0,0.0,0.0,62750.0,154602.0,7.0,0.0,1.0
6.831,25.956,67.213,0.0,0.0,0.0,140152832.0,22720512.0,265543680.0,3585847296.0,2176.0,15348.0,0.0,49152.0,0.0,4.0,3455.0,22143.0,10.0,13.0,0.0,3.0,3.0,186.0,23.0,12.0,0.0,0.0,49714.0,136231.0,4.0,0.0,29.0
3.343,17.325,79.331,0.0,0.0,0.0,139374592.0,22720512.0,265547776.0,3586621440.0,2176.0,15353.0,0.0,0.0,0.0,0.0,1481.0,21123.0,10.0,13.0,0.0,2.0,3.0,186.0,23.0,12.0,0.0,0.0,43172.0,125850.0,4.0,0.0,5.0
2.506,26.316,71.178,0.0,0.0,0.0,139341824.0,22720512.0,265547776.0,3586654208.0,2176.0,15353.0,0.0,57344.0,0.0,8.0,1248.0,18795.0,10.0,13.0,0.0,2.0,3.0,186.0,23.0,12.0,0.0,0.0,29286.0,111281.0,4.0,0.0,5.0
2.266,22.946,74.788,0.0,0.0,0.0,139407360.0,22720512.0,265547776.0,3586588672.0,2144.0,15353.0,0.0,0.0,0.0,0.0,1399.0,18896.0,10.0,13.0,0.0,2.0,3.0,186.0,23.0,12.0,0.0,0.0,41981.0,126528.0,4.0,0.0,7.0
0.912,19.453,79.635,0.0,0.0,0.0,139354112.0,22720512.0,265551872.0,3586637824.0,2176.0,15353.0,0.0,0.0,0.0,0.0,1308.0,20857.0,10.0,13.0,0.0,2.0,3.0,186.0,23.0,12.0,0.0,0.0,43721.0,127341.0,1.0,0.0,5.0
8.207,21.581,70.213,0.0,0.0,0.0,139894784.0,22728704.0,265551872.0,3586088960.0,2208.0,15353.0,0.0,49152.0,0.0,4.0,1176.0,14671.0,10.0,13.0,0.0,2.0,3.0,186.0,23.0,12.0,0.0,0.0,54659.0,136190.0,2.0,0.0,17.0
1.954,18.241,79.805,0.0,0.0,0.0,139599872.0,22728704.0,265555968.0,3586379776.0,2208.0,15353.0,0.0,0.0,0.0,0.0,1188.0,18795.0,10.0,13.0,0.0,1.0,3.0,186.0,23.0,12.0,0.0,0.0,58014.0,141745.0,2.0,0.0,5.0
1.187,24.332,74.481,0.0,0.0,0.0,139628544.0,22728704.0,265560064.0,3586347008.0,2208.0,15353.0,0.0,0.0,0.0,0.0,1182.0,19826.0,10.0,13.0,0.0,1.0,3.0,186.0,23.0,12.0,0.0,0.0,58678.0,143341.0,2.0,0.0,5.0
0.98,16.993,82.026,0.0,0.0,0.0,139366400.0,22728704.0,265564160.0,3586605056.0,2208.0,15353.0,0.0,49152.0,0.0,8.0,1188.0,19826.0,10.0,13.0,0.0,1.0,3.0,186.0,23.0,12.0,0.0,0.0,58705.0,143383.0,2.0,0.0,5.0
3.916,21.988,74.096,0.0,0.0,0.0,139366400.0,22728704.0,265564160.0,3586605056.0,2208.0,15364.0,0.0,0.0,0.0,0.0,1568.0,21353.0,10.0,13.0,0.0,1.0,3.0,186.0,23.0,12.0,0.0,0.0,58624.0,142954.0,1.0,0.0,8.0
1.311,20.328,78.361,0.0,0.0,0.0,139354112.0,22736896.0,265568256.0,3586605056.0,2208.0,15362.0,0.0,65536.0,0.0,4.0,1122.0,18795.0,10.0,13.0,0.0,1.0,3.0,186.0,23.0,12.0,0.0,0.0,57464.0,140630.0,2.0,0.0,5.0
0.651,19.544,79.805,0.0,0.0,0.0,139321344.0,22736896.0,265568256.0,3586637824.0,2208.0,15362.0,0.0,0.0,0.0,0.0,1248.0,20857.0,10.0,13.0,0.0,1.0,3.0,186.0,23.0,12.0,0.0,0.0,58105.0,142245.0,2.0,0.0,5.0
8.333,20.115,71.552,0.0,0.0,0.0,139603968.0,22736896.0,265576448.0,3586347008.0,2176.0,15361.0,0.0,0.0,0.0,0.0,1122.0,18795.0,10.0,13.0,0.0,1.0,3.0,186.0,23.0,12.0,0.0,0.0,37110.0,119820.0,3.0,0.0,7.0
1.246,15.265,83.178,0.0,0.0,0.312,139825152.0,22736896.0,265580544.0,3586121728.0,2208.0,15361.0,0.0,90112.0,0.0,14.0,1248.0,19826.0,10.0,13.0,0.0,1.0,3.0,186.0,23.0,12.0,0.0,0.0,43800.0,127495.0,4.0,0.0,5.0
0.935,15.888,83.178,0.0,0.0,0.0,139599872.0,22736896.0,265580544.0,3586347008.0,2208.0,15361.0,0.0,0.0,0.0,0.0,1188.0,19826.0,10.0,13.0,0.0,1.0,3.0,186.0,23.0,12.0,0.0,0.0,43821.0,127642.0,5.0,0.0,5.0
8.235,22.059,69.118,0.294,0.0,0.294,139706368.0,22745088.0,265572352.0,3586240512.0,2240.0,15359.0,0.0,73728.0,0.0,4.0,1116.0,14671.0,10.0,13.0,0.0,1.0,3.0,186.0,23.0,12.0,0.0,0.0,50414.0,131197.0,2.0,0.0,13.0
1.127,28.451,70.423,0.0,0.0,0.0,139554816.0,22745088.0,265584640.0,3586379776.0,2208.0,15359.0,0.0,0.0,0.0,0.0,1188.0,18795.0,10.0,13.0,0.0,1.0,3.0,186.0,23.0,12.0,0.0,0.0,58221.0,143390.0,3.0,0.0,5.0
2.732,28.689,68.306,0.0,0.0,0.273,139583488.0,22745088.0,265588736.0,3586347008.0,2208.0,15359.0,0.0,0.0,0.0,0.0,1182.0,19826.0,10.0,13.0,0.0,1.0,3.0,186.0,23.0,12.0,0.0,0.0,58142.0,143317.0,4.0,0.0,5.0
1.681,28.291,70.028,0.0,0.0,0.0,139325440.0,22745088.0,265588736.0,3586605056.0,2208.0,15359.0,0.0,73728.0,0.0,14.0,1188.0,19826.0,10.0,13.0,0.0,1.0,3.0,186.0,23.0,12.0,0.0,0.0,58296.0,143556.0,2.0,0.0,5.0
1.502,23.123,75.375,0.0,0.0,0.0,139284480.0,22745088.0,265588736.0,3586646016.0,2208.0,15359.0,0.0,0.0,0.0,0.0,1182.0,20249.0,10.0,13.0,0.0,1.0,3.0,186.0,23.0,12.0,0.0,0.0,58249.0,143604.0,2.0,0.0,5.0
3.458,24.496,72.046,0.0,0.0,0.0,139304960.0,22753280.0,265592832.0,3586613248.0,2208.0,15359.0,0.0,49152.0,0.0,4.0,1254.0,19403.0,10.0,13.0,0.0,1.0,3.0,186.0,23.0,12.0,0.0,0.0,58184.0,143397.0,3.0,0.0,5.0
2.273,26.705,71.023,0.0,0.0,0.0,139304960.0,22753280.0,265592832.0,3586613248.0,2208.0,15359.0,0.0,0.0,0.0,0.0,1415.0,19061.0,10.0,13.0,0.0,1.0,3.0,186.0,23.0,12.0,0.0,0.0,58083.0,143184.0,4.0,0.0,5.0
0.562,29.213,70.225,0.0,0.0,0.0,139300864.0,22753280.0,265596928.0,3586613248.0,2208.0,15359.0,0.0,0.0,0.0,0.0,1357.0,20923.0,10.0,13.0,0.0,1.0,3.0,186.0,23.0,12.0,0.0,0.0,58252.0,143521.0,3.0,0.0,5.0
8.383,22.156,69.461,0.0,0.0,0.0,139698176.0,22753280.0,265596928.0,3586215936.0,2176.0,15359.0,0.0,57344.0,0.0,10.0,1279.0,18896.0,10.0,13.0,0.0,1.0,3.0,186.0,23.0,12.0,0.0,0.0,51762.0,135670.0,2.0,0.0,7.0
1.117,24.302,74.581,0.0,0.0,0.0,139812864.0,22753280.0,265601024.0,3586097152.0,2176.0,15359.0,0.0,0.0,0.0,0.0,1188.0,18795.0,10.0,13.0,0.0,1.0,3.0,186.0,23.0,12.0,0.0,0.0,42097.0,126495.0,3.0,0.0,5.0
8.563,15.902,75.535,0.0,0.0,0.0,139640832.0,22761472.0,265601024.0,3586260992.0,2208.0,15359.0,0.0,49152.0,0.0,4.0,1116.0,19826.0,10.0,13.0,0.0,1.0,3.0,186.0,23.0,12.0,0.0,0.0,47978.0,123049.0,4.0,0.0,13.0
2.941,25.0,72.059,0.0,0.0,0.0,139927552.0,22761472.0,265605120.0,3585970176.0,2208.0,15359.0,0.0,0.0,0.0,0.0,1278.0,19916.0,10.0,13.0,0.0,1.0,3.0,186.0,23.0,12.0,0.0,0.0,57540.0,142280.0,3.0,0.0,5.0
1.562,22.188,76.25,0.0,0.0,0.0,139927552.0,22761472.0,265605120.0,3585970176.0,2176.0,15359.0,0.0,0.0,0.0,0.0,1458.0,18885.0,10.0,13.0,0.0,1.0,3.0,186.0,23.0,12.0,0.0,0.0,57577.0,142774.0,2.0,0.0,5.0
2.374,24.332,73.294,0.0,0.0,0.0,139923456.0,22761472.0,265609216.0,3585970176.0,2208.0,15359.0,0.0,49152.0,0.0,8.0,1344.0,20947.0,10.0,13.0,0.0,1.0,3.0,186.0,23.0,12.0,0.0,0.0,53383.0,137978.0,1.0,0.0,5.0
2.273,21.104,76.623,0.0,0.0,0.0,139276288.0,22761472.0,265613312.0,3586613248.0,2208.0,15362.0,0.0,0.0,0.0,0.0,1678.0,19544.0,10.0,13.0,0.0,1.0,3.0,186.0,23.0,12.0,0.0,0.0,57213.0,140455.0,4.0,0.0,8.0
2.374,25.223,72.404,0.0,0.0,0.0,139268096.0,22769664.0,265613312.0,3586613248.0,2208.0,15362.0,0.0,65536.0,0.0,4.0,1368.0,21127.0,10.0,13.0,0.0,1.0,3.0,186.0,23.0,12.0,0.0,0.0,58159.0,142897.0,1.0,0.0,5.0
1.974,16.776,81.25,0.0,0.0,0.0,139522048.0,22769664.0,265617408.0,3586355200.0,2208.0,15362.0,0.0,0.0,0.0,0.0,1542.0,19155.0,10.0,13.0,0.0,1.0,3.0,186.0,23.0,12.0,0.0,0.0,54770.0,139226.0,2.0,0.0,9.0
1.749,21.574,76.676,0.0,0.0,0.0,139497472.0,22769664.0,265617408.0,3586379776.0,2208.0,15362.0,0.0,0.0,0.0,0.0,1447.0,19982.0,10.0,13.0,0.0,1.0,3.0,186.0,23.0,12.0,0.0,0.0,43208.0,125958.0,1.0,0.0,5.0
2.215,13.291,84.494,0.0,0.0,0.0,139530240.0,22769664.0,265617408.0,3586347008.0,2208.0,15362.0,0.0,57344.0,0.0,12.0,1182.0,18795.0,10.0,13.0,0.0,1.0,3.0,186.0,23.0,12.0,0.0,0.0,43509.0,128136.0,2.0,0.0,5.0
5.814,23.547,70.64,0.0,0.0,0.0,139751424.0,22769664.0,265621504.0,3586121728.0,2176.0,15361.0,0.0,0.0,0.0,0.0,1278.0,19916.0,10.0,13.0,0.0,1.0,3.0,186.0,23.0,12.0,0.0,0.0,42943.0,126908.0,1.0,0.0,7.0
9.206,14.921,75.873,0.0,0.0,0.0,139763712.0,22777856.0,265625600.0,3586097152.0,2208.0,15359.0,0.0,49152.0,0.0,4.0,1362.0,18975.0,10.0,13.0,0.0,1.0,3.0,186.0,23.0,12.0,0.0,0.0,44172.0,127622.0,2.0,0.0,13.0
1.65,10.231,88.119,0.0,0.0,0.0,139911168.0,22777856.0,265629696.0,3585945600.0,2208.0,15359.0,0.0,0.0,0.0,0.0,1254.0,20857.0,10.0,13.0,0.0,1.0,3.0,186.0,23.0,12.0,0.0,0.0,43697.0,127933.0,3.0,0.0,5.0
2.108,18.072,79.819,0.0,0.0,0.0,139907072.0,22777856.0,265633792.0,3585945600.0,2208.0,15359.0,0.0,0.0,0.0,0.0,1182.0,18795.0,10.0,13.0,0.0,1.0,3.0,186.0,23.0,12.0,0.0,0.0,43665.0,127787.0,1.0,0.0,5.0
1.274,19.108,79.618,0.0,0.0,0.0,139898880.0,22777856.0,265633792.0,3585953792.0,2208.0,15359.0,0.0,73728.0,0.0,12.0,1278.0,20947.0,10.0,13.0,0.0,1.0,3.0,186.0,23.0,12.0,0.0,0.0,58643.0,143419.0,2.0,0.0,5.0
1.824,22.492,75.684,0.0,0.0,0.0,139845632.0,22777856.0,265637888.0,3586002944.0,2208.0,15359.0,0.0,0.0,0.0,0.0,1248.0,18795.0,10.0,13.0,0.0,1.0,3.0,186.0,23.0,12.0,0.0,0.0,58653.0,143484.0,5.0,0.0,5.0
1.993,14.618,83.389,0.0,0.0,0.0,139886592.0,22786048.0,265637888.0,3585953792.0,2208.0,15361.0,0.0,73728.0,0.0,4.0,1122.0,19826.0,10.0,13.0,0.0,1.0,3.0,186.0,23.0,12.0,0.0,0.0,58871.0,144000.0,4.0,0.0,3.0
1.923,18.269,79.808,0.0,0.0,0.0,139837440.0,22786048.0,265637888.0,3586002944.0,2208.0,15359.0,0.0,0.0,0.0,0.0,1415.0,19061.0,10.0,13.0,0.0,1.0,3.0,186.0,23.0,12.0,0.0,0.0,58691.0,143748.0,3.0,0.0,2.0
1.325,15.894,82.781,0.0,0.0,0.0,139866112.0,22786048.0,265641984.0,3585970176.0,2208.0,15359.0,0.0,0.0,0.0,0.0,1188.0,19826.0,10.0,13.0,0.0,1.0,3.0,186.0,23.0,12.0,0.0,0.0,58008.0,143289.0,6.0,0.0,5.0
2.181,19.938,77.882,0.0,0.0,0.0,139833344.0,22786048.0,265641984.0,3586002944.0,2208.0,15359.0,0.0,0.0,0.0,0.0,1411.0,20958.0,10.0,13.0,0.0,1.0,3.0,186.0,23.0,12.0,0.0,0.0,58078.0,143367.0,4.0,0.0,5.0
1.765,24.706,73.529,0.0,0.0,0.0,139857920.0,22786048.0,265650176.0,3585970176.0,2208.0,15359.0,0.0,73728.0,0.0,14.0,1122.0,18795.0,10.0,13.0,0.0,1.0,3.0,186.0,23.0,12.0,0.0,0.0,58257.0,143605.0,2.0,0.0,5.0
7.799,24.513,67.688,0.0,0.0,0.0,137752576.0,22794240.0,265650176.0,3588067328.0,2176.0,15343.0,0.0,65536.0,0.0,4.0,1380.0,18795.0,10.0,13.0,0.0,1.0,3.0,186.0,23.0,12.0,0.0,0.0,46143.0,120360.0,3.0,0.0,13.0
5.615,28.342,66.043,0.0,0.0,0.0,139845632.0,22794240.0,265654272.0,3585970176.0,2176.0,15359.0,0.0,0.0,0.0,0.0,1122.0,19826.0,10.0,13.0,0.0,1.0,3.0,186.0,23.0,12.0,0.0,0.0,43834.0,127246.0,2.0,0.0,7.0
2.059,19.412,78.529,0.0,0.0,0.0,139845632.0,22794240.0,265654272.0,3585970176.0,2176.0,15359.0,0.0,0.0,0.0,0.0,1248.0,19826.0,10.0,13.0,0.0,1.0,3.0,186.0,23.0,12.0,0.0,0.0,43485.0,127189.0,2.0,0.0,5.0
1.955,19.274,78.771,0.0,0.0,0.0,139812864.0,22794240.0,265654272.0,3586002944.0,2208.0,15359.0,0.0,0.0,0.0,0.0,1188.0,18795.0,10.0,13.0,0.0,1.0,3.0,186.0,23.0,12.0,0.0,0.0,31384.0,113785.0,4.0,0.0,5.0
1.146,18.911,79.943,0.0,0.0,0.0,139583488.0,22794240.0,265658368.0,3586228224.0,2208.0,15364.0,0.0,73728.0,0.0,14.0,1436.0,20323.0,10.0,13.0,0.0,1.0,3.0,186.0,23.0,12.0,0.0,0.0,30128.0,111140.0,3.0,0.0,8.0
2.305,16.138,81.268,0.288,0.0,0.0,139276288.0,22802432.0,265658368.0,3586527232.0,2176.0,15360.0,0.0,49152.0,0.0,4.0,1188.0,19826.0,10.0,13.0,0.0,1.0,3.0,186.0,23.0,12.0,0.0,0.0,34829.0,115949.0,4.0,0.0,5.0
